Date,USD Exchange,Rain fall,Labour cost,Big Onion Price,Fertilizer,Red Onion Price
01-Jan-17,151.67,0,1100,81,1495,114
02-Jan-17,151.68,0,1100,97,1495,97
03-Jan-17,151.7,0,1100,81,1495,113
04-Jan-17,151.73,0,1100,67,1495,118
05-Jan-17,151.7,0,1100,67,1495,116
06-Jan-17,151.74,0,1100,80,1495,117
07-Jan-17,151.74,0,1100,81,1495,97
08-Jan-17,151.78,0,1100,81,1495,97
09-Jan-16,151.78,0,1100,70,1495,93
10-Jan-17,151.78,0,1100,70,1495,97
11-Jan-17,151.74,0,1100,70,1495,103
12-Jan-17,151.74,0,1100,81,1495,97
13-Jan-17,151.76,0,1100,70,1495,95
14-Jan-17,151.76,0,1100,81,1495,97
15-Jan-17,151.84,0.5,1100,81,1495,97
16-Jan-17,151.84,0,1100,60,1495,95
17-Jan-17,151.84,0,1100,80,1495,97
18-Jan-17,151.84,0,1100,81,1495,97
19-Jan-17,151.88,0,1100,80,1495,93
20-Jan-17,152.03,0,1100,78,1495,88
21-Jan-17,152.03,4.6,1100,80,1495,97
22-Jan-17,152.14,52.1,1100,81,1495,97
23-Jan-17,152.14,0,1100,81,1495,90
24-Jan-17,152.21,0,1100,80,1495,90
25-Jan-17,152.24,2.6,1100,83,1495,98
26-Jan-17,152.24,17.5,1100,83,1495,83
27-Jan-17,152.16,8.1,1100,83,1495,78
28-Jan-17,152.16,1,1100,81,1495,97
29-Jan-17,152.15,0.2,1100,81,1495,97
30-Jan-17,152.15,0.1,1100,83,1495,83
31-Jan-17,152.24,0,1100,80,1495,86
01-Feb-17,152.34,0,1100,80,1495,88
02-Feb-17,152.28,2,1100,78,1495,95
03-Feb-17,152.27,0,1100,78,1495,105
04-Feb-17,152.27,0,1100,85,1495,105
05-Feb-17,152.33,0,1100,85,1495,105
06-Feb-17,152.33,0,1100,79,1495,98
07-Feb-17,152.44,0,1100,88,1495,118
08-Feb-17,152.49,0,1100,88,1495,118
09-Feb-17,152.44,0,1100,83,1495,108
10-Feb-17,152.44,0,1100,85,1495,105
11-Feb-17,152.44,0,1100,85,1495,105
12-Feb-17,152.44,0,1100,85,1495,105
13-Feb-17,152.44,0,1100,83,1495,118
14-Feb-17,152.45,0,1100,88,1495,118
15-Feb-17,152.44,25.6,1100,90,1495,118
16-Feb-17,152.45,0,1100,90,1495,93
17-Feb-17,152.57,0,1100,93,1495,118
18-Feb-17,152.57,0,1100,85,1495,105
19-Feb-17,152.88,0,1100,85,1495,105
20-Feb-17,152.88,0,1100,103,1495,108
21-Feb-17,153.44,0,1100,88,1495,93
22-Feb-17,153.56,0,1100,83,1495,93
23-Feb-17,154.21,0,1100,83,1495,100
24-Feb-17,154.21,0,1100,85,1495,105
25-Feb-17,153.74,0,1100,85,1495,105
26-Feb-17,153.74,0,1100,85,1495,105
27-Feb-17,153.74,0,1100,85,1495,105
28-Feb-17,153.48,0,1100,73,1495,102
01-Mar-17,153.31,0,1100,83,1495,93
02-Mar-17,153.21,0,1100,85,1495,95
03-Mar-17,153.16,3,1100,84,1495,115
04-Mar-17,153.16,2.2,1100,86,1495,113
05-Mar-17,153.11,3.8,1100,86,1495,113
06-Mar-17,153.11,54.1,1100,78,1495,115
07-Mar-17,153.15,0,1100,68,1495,115
08-Mar-17,153.18,0,1100,83,1495,93
09-Mar-17,153.44,0,1100,83,1495,95
10-Mar-17,153.49,0,1100,88,1495,103
11-Mar-17,153.49,23.1,1100,86,1495,113
12-Mar-17,153.52,0,1100,86,1495,113
13-Mar-17,153.52,0,1100,93,1495,73
14-Mar-17,153.69,0,1100,103,1495,93
15-Mar-17,153.84,0,1100,93,1495,115
16-Mar-17,154.04,36.2,1100,85,1495,133
17-Mar-17,154.17,0.2,1100,85,1495,133
18-Mar-17,154.17,0,1100,86,1495,113
19-Mar-17,153.9,0,1100,86,1495,113
20-Mar-17,153.9,0,1100,83,1495,128
21-Mar-17,153.79,0,1100,80,1495,143
22-Mar-17,153.78,0,1100,88,1495,110
23-Mar-17,153.8,0,1100,90,1495,127
24-Mar-17,153.8,0,1100,95,1495,135
25-Mar-17,153.8,0,1100,86,1495,113
26-Mar-17,153.96,0,1100,86,1495,113
27-Mar-17,153.96,0,1100,88,1495,118
28-Mar-17,153.96,0,1100,95,1495,110
29-Mar-17,154.02,0,1100,88,1495,118
30-Mar-17,153.94,0,1100,85,1495,128
31-Mar-17,153.91,0,1100,85,1495,113
01-Apr-17,153.91,0,1100,87,1495,174
02-Apr-17,153.86,0,1100,87,1495,174
03-Apr-17,153.86,0,1100,90,1495,110
04-Apr-17,153.81,4,1100,87,1495,174
05-Apr-17,153.72,0,1100,88,1495,125
06-Apr-17,153.84,0,1100,93,1495,118
07-Apr-17,153.83,0,1100,93,1495,148
08-Apr-17,153.83,0,1100,87,1495,174
09-Apr-17,153.83,0,1100,87,1495,174
10-Apr-17,154.01,0,1100,87,1495,174
11-Apr-17,154.01,0,1100,87,1495,260
12-Apr-17,154.2,0,1100,87,1495,198
13-Apr-17,154.2,0,1100,87,1495,174
14-Apr-17,154.2,0,1100,87,1495,174
15-Apr-17,154.1,0,1100,87,1495,174
16-Apr-17,154.1,0,1100,87,1495,174
17-Apr-17,154.1,0,1100,87,1495,147
18-Apr-17,154.12,0,1100,87,1495,188
19-Apr-17,154.17,0,1100,93,1495,195
20-Apr-17,154.4,0,1100,88,1495,213
21-Apr-17,154.31,0,1100,87,1495,174
22-Apr-17,154.31,0,1100,87,1495,174
23-Apr-17,154.29,0,1100,87,1495,174
24-Apr-17,154.29,0,1100,83,1495,193
25-Apr-17,154.29,0,1100,83,1495,158
26-Apr-17,154.31,0,1100,83,1495,188
27-Apr-17,154.24,0,1100,83,1495,185
28-Apr-17,154.24,0,1100,78,1495,188
29-Apr-17,154.24,0,1100,87,1495,174
30-Apr-17,154.25,0,1100,87,1495,174
01-May-17,154.25,0,1100,87,1495,259
02-May-17,154.25,0,1100,79,1495,190
03-May-17,154.27,0,1100,80,1495,208
04-May-17,154.34,0,1100,83,1495,218
05-May-17,154.22,0,1100,83,1495,228
06-May-17,154.22,0,1100,73,1495,259
07-May-17,154.09,1.9,1100,79,1495,259
08-May-17,154.09,0,1100,79,1495,198
09-May-17,154.2,0.1,1100,73,1495,228
10-May-17,154.2,0,1100,73,1495,259
11-May-17,154.23,25.8,1100,79,1495,259
12-May-17,154.23,0.6,1100,79,1495,290
13-May-17,154.23,0.4,1100,79,1495,259
14-May-17,154.18,0.8,1100,79,1495,259
15-May-17,154.18,0,1100,79,1495,228
16-May-17,154.3,0,1100,78,1495,268
17-May-17,154.4,0,1100,78,1495,275
18-May-17,154.43,0,1100,78,1495,275
19-May-17,154.42,0,1100,78,1495,270
20-May-17,154.42,0,1100,78,1495,259
21-May-17,154.54,0,1100,79,1495,259
22-May-17,154.54,0,1100,79,1495,288
23-May-17,154.57,0,1100,83,1495,288
24-May-17,154.48,0,1100,83,1495,315
25-May-17,154.55,0,1100,78,1495,290
26-May-17,154.57,0,1100,83,1495,308
27-May-17,154.57,0,1100,78,1495,259
28-May-17,154.56,0,1100,79,1495,259
29-May-17,154.56,0,1100,79,1495,273
30-May-17,154.59,0,1100,78,1495,288
31-May-17,154.61,0,1100,78,1495,258
01-Jun-17,154.6,0,1100,78,1495,288
02-Jun-17,154.58,0,1100,78,1495,298
03-Jun-17,154.58,0,1100,78,1495,309
04-Jun-17,154.59,0,1100,85,1495,309
05-Jun-17,154.59,0,1100,85,1495,288
06-Jun-17,154.59,0,1100,83,1495,288
07-Jun-17,154.59,0,1100,83,1495,288
08-Jun-17,154.59,0,1100,83,1495,309
09-Jun-17,154.58,0,1100,85,1495,285
10-Jun-17,154.58,0,1100,88,1495,309
11-Jun-17,154.58,0,1100,85,1495,309
12-Jun-17,154.58,10.6,1100,85,1495,288
13-Jun-17,154.58,0,1100,93,1495,293
14-Jun-17,154.6,0,1100,88,1495,298
15-Jun-17,154.64,0,1100,88,1495,288
16-Jun-17,154.67,0,1100,88,1495,328
17-Jun-17,154.67,0,1100,88,1495,309
18-Jun-17,154.82,0,1100,85,1495,309
19-Jun-17,154.82,0,1100,85,1495,318
20-Jun-17,154.85,0,1100,92,1495,325
21-Jun-17,155.01,0.2,1100,88,1495,325
22-Jun-17,155.02,0,1100,88,1495,317
23-Jun-17,154.97,0,1100,88,1495,295
24-Jun-17,154.97,0,1100,88,1495,309
25-Jun-17,154.96,0,1100,85,1495,309
26-Jun-17,154.96,0,1100,85,1495,309
27-Jun-17,154.96,0,1100,85,1495,348
28-Jun-17,155.02,0,1100,83,1495,365
29-Jun-17,155.13,0,1100,78,1495,348
30-Jun-17,155.2,0,1100,78,1495,309
01-Jul-17,155.2,0,1100,85,1495,203
02-Jul-17,155.24,0,1100,83,1495,203
03-Jul-17,155.24,0,1100,83,1495,308
04-Jul-17,155.28,0,1100,82,1495,263
05-Jul-17,155.38,0,1100,79,1495,258
06-Jul-17,155.38,0,1100,79,1495,308
07-Jul-17,155.38,0,1100,79,1495,218
08-Jul-17,155.38,0.2,1100,80,1495,203
09-Jul-17,155.39,0,1100,83,1495,203
10-Jul-17,155.39,0,1100,83,1495,248
11-Jul-17,155.44,0,1100,78,1495,208
12-Jul-17,155.43,8.4,1100,79,1495,200
13-Jul-17,155.44,0,1100,79,1495,208
14-Jul-17,155.44,0,1100,83,1495,203
15-Jul-17,155.44,0,1100,83,1495,203
16-Jul-17,155.46,0,1100,83,1495,203
17-Jul-17,155.46,2.4,1100,83,1495,148
18-Jul-17,155.46,0,1100,83,1495,163
19-Jul-17,155.51,0,1100,83,1495,138
20-Jul-17,155.48,0,1100,83,1495,203
21-Jul-17,155.46,0,1100,83,1495,203
22-Jul-17,155.46,0,1100,83,1495,203
23-Jul-17,155.46,0,1100,83,1495,203
24-Jul-17,155.46,0,1100,83,1495,203
25-Jul-17,155.35,0,1100,83,1495,203
26-Jul-17,155.36,0,1100,83,1495,203
27-Jul-17,155.37,0,1100,83,1495,138
28-Jul-17,155.46,0,1100,88,1495,118
29-Jul-17,155.46,0,1100,88,1495,203
30-Jul-17,155.47,0,1100,83,1495,203
31-Jul-17,155.47,0,1100,83,1495,128
01-Aug-17,155.35,0,1100,98,1495,133
02-Aug-17,155.28,0.1,1100,97,1495,125
03-Aug-17,155.27,1.6,1100,95,1495,128
04-Aug-17,155.14,0,1100,93,1495,115
05-Aug-17,155.14,0,1100,95,1495,160
06-Aug-17,155.18,0,1100,109,1495,160
07-Aug-17,155.18,0,1100,109,1495,160
08-Aug-17,155.18,0,1100,109,1495,128
09-Aug-17,155.05,0,1100,112,1495,155
10-Aug-17,155.04,0,1100,109,1495,118
11-Aug-17,154.92,0,1100,108,1495,153
12-Aug-17,154.92,0,1100,118,1495,160
13-Aug-17,154.83,3.8,1100,118,1495,160
14-Aug-17,154.83,0.6,1100,109,1495,153
15-Aug-17,154.83,0,1100,109,1495,158
16-Aug-17,154.93,32.4,1100,118,1495,148
17-Aug-17,154.96,14.9,1100,108,1495,168
18-Aug-17,154.99,1,1100,103,1495,188
19-Aug-17,154.99,2.4,1100,115,1495,160
20-Aug-17,155.06,1.5,1100,109,1495,160
21-Aug-17,155.06,0,1100,109,1495,178
22-Aug-17,154.95,0,1100,93,1495,178
23-Aug-17,154.87,0,1100,108,1495,178
24-Aug-17,154.78,0,1100,128,1495,208
25-Aug-17,154.8,0,1100,128,1495,178
26-Aug-17,154.8,0,1100,118,1495,160
27-Aug-17,154.81,0,1100,109,1495,160
28-Aug-17,154.81,0,1100,109,1495,215
29-Aug-17,154.77,0,1100,113,1495,180
30-Aug-17,154.66,0,1100,113,1495,188
31-Aug-17,154.64,0,1100,108,1495,148
01-Sep-17,154.64,0,1200,108,1495,272
02-Sep-17,154.64,0,1200,108,1495,272
03-Sep-17,154.52,0,1200,108,1495,272
04-Sep-17,154.52,13.4,1200,108,1495,217
05-Sep-17,154.3,22.1,1200,127,1495,272
06-Sep-17,154.3,1,1200,108,1495,208
07-Sep-17,154.45,3.3,1200,118,1495,228
08-Sep-17,154.52,0,1200,133,1495,188
09-Sep-17,154.52,0,1200,99,1495,272
10-Sep-17,154.58,0,1200,108,1495,272
11-Sep-17,154.58,0,1200,108,1495,308
12-Sep-17,154.61,19.6,1200,99,1495,247
13-Sep-17,154.65,9.6,1200,108,1495,318
14-Sep-17,154.77,0,1200,105,1495,268
15-Sep-17,154.74,0,1200,123,1495,268
16-Sep-17,154.74,19.9,1200,118,1495,272
17-Sep-17,154.71,2.6,1200,108,1495,272
18-Sep-17,154.71,0,1200,108,1495,308
19-Sep-17,154.87,0,1200,108,1495,308
20-Sep-17,154.95,0,1200,78,1495,288
21-Sep-17,154.6,0,1200,108,1495,275
22-Sep-17,154.58,0,1200,95,1495,295
23-Sep-17,154.58,0,1200,95,1495,272
24-Sep-17,154.65,0,1200,108,1495,272
25-Sep-17,154.65,0,1200,108,1495,258
26-Sep-17,154.81,0,1200,99,1495,298
27-Sep-17,154.82,0,1200,103,1495,288
28-Sep-17,154.87,0.9,1200,118,1495,298
29-Sep-17,154.91,12.2,1200,108,1495,298
30-Sep-17,154.91,0,1200,108,1495,272
01-Oct-17,154.89,0.1,1200,108,1495,287
02-Oct-17,154.89,0,1200,108,1495,288
03-Oct-17,154.93,0,1200,124,1495,278
04-Oct-17,155.05,0,1200,98,1495,268
05-Oct-17,155.05,0,1200,103,1495,287
06-Oct-17,155.09,0,1200,88,1495,298
07-Oct-17,155.09,0,1200,124,1495,287
08-Oct-17,155.08,0,1200,98,1495,287
09-Oct-17,155.08,0,1200,124,1495,268
10-Oct-17,155.13,0,1200,124,1495,285
11-Oct-17,155.23,0,1200,108,1495,255
12-Oct-17,155.3,0,1200,113,1495,268
13-Oct-17,155.51,1.3,1200,118,1495,287
14-Oct-17,155.51,1.7,1200,123,1495,287
15-Oct-17,155.47,0,1200,118,1495,287
16-Oct-17,155.47,0.1,1200,124,1495,293
17-Oct-17,155.42,15.4,1200,124,1495,288
18-Oct-17,155.42,0.4,1200,118,1495,287
19-Oct-17,155.42,0,1200,124,1495,268
20-Oct-17,155.44,0.4,1200,124,1495,270
21-Oct-17,155.44,0,1200,110,1495,287
22-Oct-17,155.44,0,1200,125,1495,287
23-Oct-17,155.44,0,1200,124,1495,288
24-Oct-17,155.54,0,1200,124,1495,323
25-Oct-17,155.6,0.8,1200,158,1495,308
26-Oct-17,155.59,0,1200,148,1495,288
27-Oct-17,155.42,0,1200,158,1495,287
28-Oct-17,155.42,1.6,1200,153,1495,287
29-Oct-17,155.35,31.3,1200,148,1495,287
30-Oct-17,155.35,0,1200,124,1495,287
31-Oct-17,155.4,15.1,1200,124,1495,340
01-Nov-17,155.38,14.9,1200,124,1495,348
02-Nov-17,155.45,33.6,1200,168,1495,348
03-Nov-17,155.45,22.1,1200,163,1495,360
04-Nov-17,155.42,45.3,1200,148,1495,360
05-Nov-17,155.42,66.3,1200,141,1495,360
06-Nov-17,155.42,54.8,1200,141,1495,288
07-Nov-17,155.34,93.1,1200,141,1495,345
08-Nov-17,155.2,16.9,1200,198,1495,370
09-Nov-17,155.14,13.3,1200,190,1495,360
10-Nov-17,155.36,2.8,1200,183,1495,358
11-Nov-17,155.36,59.3,1200,173,1495,360
12-Nov-17,155.35,14.3,1200,148,1495,360
13-Nov-17,155.35,53.5,1200,141,1495,358
14-Nov-17,155.33,32.5,1200,141,1495,358
15-Nov-17,155.37,0.1,1200,103,1495,378
16-Nov-17,155.52,0,1200,108,1495,338
17-Nov-17,155.42,0,1200,108,1495,388
18-Nov-17,155.42,60.6,1200,113,1495,360
19-Nov-17,155.45,0,1200,118,1495,360
20-Nov-17,155.45,0,1200,141,1495,378
21-Nov-17,155.49,0,1200,141,1495,365
22-Nov-17,155.52,0.2,1200,148,1495,358
23-Nov-17,155.5,0,1200,120,1495,348
24-Nov-17,155.44,0.1,1200,138,1495,348
25-Nov-17,155.44,6.1,1200,143,1495,360
26-Nov-17,155.48,0,1200,128,1495,360
27-Nov-17,155.48,0,1200,141,1495,368
28-Nov-17,155.43,0,1200,141,1495,388
29-Nov-17,155.48,0.1,1200,138,1495,388
30-Nov-17,155.48,21.2,1200,138,1495,378
01-Dec-17,155.48,6.4,1200,138,1495,380
02-Dec-17,155.35,42.9,1200,123,1495,380
03-Dec-17,155.35,11.6,1200,130,1495,368
04-Dec-17,155.35,55.6,1200,130,1495,380
05-Dec-17,155.32,1.3,1200,130,1495,388
06-Dec-17,155.13,0.2,1200,123,1495,378
07-Dec-17,155.08,3.1,1200,118,1495,365
08-Dec-17,155.07,0,1200,123,1495,385
09-Dec-17,155.07,0,1200,145,1495,380
10-Dec-17,154.86,0,1200,145,1495,380
11-Dec-17,154.86,0,1200,130,1495,388
12-Dec-17,154.85,0,1200,130,1495,320
13-Dec-17,154.85,0,1200,133,1495,388
14-Dec-17,155.01,0,1200,138,1495,383
15-Dec-17,154.96,19.1,1200,133,1495,388
16-Dec-17,154.96,0,1200,133,1495,380
17-Dec-17,154.93,0,1200,138,1495,380
18-Dec-17,154.93,0,1200,130,1495,388
19-Dec-17,154.93,0,1200,130,1495,400
20-Dec-17,154.93,0,1200,128,1495,408
21-Dec-17,154.79,0,1200,153,1495,385
22-Dec-17,154.72,0,1200,138,1495,368
23-Dec-17,154.72,52.8,1200,128,1495,380
24-Dec-17,154.72,1.9,1200,128,1495,380
25-Dec-17,154.67,6,1200,130,1495,380
26-Dec-17,154.67,0.3,1200,130,1495,388
27-Dec-17,154.51,0,1200,130,1495,380
28-Dec-17,154.32,0,1200,118,1495,358
29-Dec-17,155.15,15.8,1200,123,1495,400
30-Dec-17,155.15,0.1,1200,118,1495,380
31-Dec-17,155.15,0,1200,113,1495,380
01-Jan-18,155.23,0,1200,126,1495,226
02-Jan-18,155.23,0,1200,108,1495,379
03-Jan-18,155.35,0,1200,113,1495,382
04-Jan-18,155.41,0,1200,118,1495,379
05-Jan-18,155.34,0,1200,118,1495,226
06-Jan-18,155.34,0,1200,126,1495,226
07-Jan-18,155.37,0,1200,126,1495,226
08-Jan-18,155.37,0,1200,133,1495,238
09-Jan-18,155.59,11.2,1200,138,1495,198
10-Jan-18,155.56,0,1200,123,1495,198
11-Jan-18,155.52,3.4,1200,133,1495,211
12-Jan-18,155.59,0,1200,108,1495,226
13-Jan-18,155.59,0,1200,126,1495,226
14-Jan-18,155.69,0,1200,126,1495,226
15-Jan-18,155.69,0,1200,126,1495,226
16-Jan-18,155.69,0,1200,143,1495,218
17-Jan-18,155.71,0,1200,138,1495,205
18-Jan-18,155.62,0,1200,128,1495,226
19-Jan-18,155.68,0,1200,133,1495,226
20-Jan-18,155.68,0,1200,126,1495,226
21-Jan-18,155.69,0,1200,126,1495,226
22-Jan-18,155.69,0,1200,123,1495,178
23-Jan-18,155.8,0,1200,133,1495,198
24-Jan-18,155.9,0,1200,138,1495,118
25-Jan-18,155.52,0,1200,138,1495,148
26-Jan-18,155.56,0,1200,129,1495,226
27-Jan-18,155.56,0,1200,126,1495,226
28-Jan-18,155.56,0,1200,126,1495,226
29-Jan-18,155.56,0,1200,118,1495,226
30-Jan-18,155.58,0,1200,113,1495,226
31-Jan-18,155.58,0,1200,126,1495,118
01-Feb-18,155.77,0,1200,98,1495,125
02-Feb-18,155.94,0,1200,98,1495,125
03-Feb-18,155.94,0,1200,88,1495,125
04-Feb-18,155.94,0,1200,88,1495,125
05-Feb-18,156.13,0,1200,88,1495,125
06-Feb-18,156.13,20.7,1200,92,1495,158
07-Feb-18,156.36,0,1200,93,1495,138
08-Feb-18,156.33,0,1200,98,1495,148
09-Feb-18,156.19,0,1200,103,1495,128
10-Feb-18,156.19,0,1200,88,1495,125
11-Feb-18,156.14,0.2,1200,88,1495,125
12-Feb-18,156.14,0,1200,93,1495,125
13-Feb-18,156.74,0,1200,88,1495,125
14-Feb-18,156.74,0,1200,88,1495,128
15-Feb-18,157.2,0,1200,83,1495,128
16-Feb-18,156.67,0,1200,83,1495,118
17-Feb-18,156.67,0,1200,88,1495,125
18-Feb-18,156.97,0,1200,88,1495,125
19-Feb-18,156.97,0,1200,84,1495,125
20-Feb-18,157.14,0,1200,81,1495,108
21-Feb-18,157.19,0,1200,73,1495,108
22-Feb-18,157.01,0,1200,73,1495,108
23-Feb-18,157.02,0,1200,85,1495,115
24-Feb-18,157.02,0,1200,88,1495,125
25-Feb-18,157,0,1200,88,1495,125
26-Feb-18,157,0,1200,84,1495,133
27-Feb-18,156.74,0,1200,88,1495,118
28-Feb-18,156.72,0,1200,88,1495,118
01-Mar-18,156.72,0,1200,65,1495,120
02-Mar-18,156.9004,0,1200,83,1495,108
03-Mar-18,156.9004,0,1200,65,1495,120
04-Mar-18,156.9603,0,1200,65,1495,120
05-Mar-18,156.9603,0,1200,74,1495,108
06-Mar-18,156.86,0,1200,73,1495,108
07-Mar-18,156.9102,0,1200,83,1495,120
08-Mar-18,157.1308,0,1200,83,1495,108
09-Mar-18,157.1408,0,1200,73,1495,118
10-Mar-18,157.1408,0,1200,65,1495,120
11-Mar-18,157.231,2.8,1200,65,1495,120
12-Mar-18,157.231,0.1,1200,63,1495,115
13-Mar-18,157.3712,22.8,1200,63,1495,128
14-Mar-18,157.4214,0,1200,63,1495,128
15-Mar-18,157.5418,22.9,1200,63,1495,133
16-Mar-18,157.6822,0,1200,58,1495,118
17-Mar-18,157.6822,0,1200,65,1495,120
18-Mar-18,157.7022,0,1200,65,1495,120
19-Mar-18,157.7022,0,1200,55,1495,115
20-Mar-18,157.8523,0,1200,63,1495,120
21-Mar-18,157.8522,0,1200,59,1495,118
22-Mar-18,157.8522,0,1200,53,1495,123
23-Mar-18,157.8823,0,1200,58,1495,108
24-Mar-18,157.8823,0,1200,65,1495,120
25-Mar-18,157.8923,0,1200,65,1495,120
26-Mar-18,157.8923,0,1200,59,1495,138
27-Mar-18,157.8423,0,1200,54,1495,138
28-Mar-18,157.7921,0,1200,53,1495,128
29-Mar-18,157.4914,0,1200,61,1495,120
30-Mar-18,157.4914,0,1200,65,1495,120
31-Mar-18,157.5215,0,1200,65,1495,120
01-Apr-18,157.5215,4.2,1200,52,1495,126
02-Apr-18,157.5215,0.5,1200,53,1495,128
03-Apr-18,157.0504,0,1200,53,1495,128
04-Apr-18,157.6016,0,1200,51,1495,128
05-Apr-18,157.6519,0,1200,58,1495,128
06-Apr-18,157.3913,0,1200,54,1495,128
07-Apr-18,157.3913,0,1200,52,1495,126
08-Apr-18,157.251,0,1200,52,1495,126
09-Apr-18,157.251,0,1200,48,1495,128
10-Apr-18,157.3612,0,1200,48,1495,138
11-Apr-18,157.4013,0,1200,49,1495,118
12-Apr-18,157.4615,0,1200,48,1495,148
13-Apr-18,157.4615,0,1200,52,1495,126
14-Apr-18,157.5316,3.7,1200,52,1495,126
15-Apr-18,157.5316,9.1,1200,52,1495,126
16-Apr-18,157.5316,0,1200,54,1495,158
17-Apr-18,157.8022,0,1200,53,1495,108
18-Apr-18,158.143,0,1200,53,1495,138
19-Apr-18,158.1226,0,1200,53,1495,108
20-Apr-18,158.0626,0,1200,53,1495,103
21-Apr-18,158.0626,0,1200,52,1495,126
22-Apr-18,158.173,0,1200,52,1495,126
23-Apr-18,158.173,0,1200,49,1495,128
24-Apr-18,158.6938,0,1200,49,1495,118
25-Apr-18,159.0445,0,1200,61,1495,118
26-Apr-18,159.0339,0,1200,51,1495,118
27-Apr-18,159.0139,0,1200,48,1495,128
28-Apr-18,159.0139,1,1200,52,1495,126
29-Apr-18,159.0139,0,1200,52,1495,126
30-Apr-18,159.0056,0,1200,52,1495,126
01-May-18,159.0056,0,1200,52,1495,128
02-May-18,159.0077,0,1200,48,1495,123
03-May-18,159.0357,0,1200,48,1495,108
04-May-18,158.9878,0,1200,88,1500,133
05-May-18,158.9878,13.3,1200,73,1500,124
06-May-18,158.9878,0.1,1200,78,1500,124
07-May-18,158.9952,0.6,1200,78,1500,124
08-May-18,158.9952,0,1200,78,1500,124
09-May-18,158.9855,0.1,1200,77,1500,138
10-May-18,159.256,4.8,1200,73,1500,128
11-May-18,159.2961,0,1200,77,1500,124
12-May-18,159.2961,0,1200,77,1500,124
13-May-18,159.1759,0.2,1200,78,1500,124
14-May-18,159.1759,0,1200,78,1500,124
15-May-18,159.2359,0.2,1200,83,1500,124
16-May-18,159.2959,0,1200,88,1500,124
17-May-18,159.5559,20.3,1200,95,1500,113
18-May-18,159.3359,0,1200,89,1500,108
19-May-18,159.3359,0,1200,83,1500,124
20-May-18,159.3157,0,1200,78,1500,124
21-May-18,159.3157,0,1200,78,1500,113
22-May-18,159.2457,4.2,1200,74,1500,124
23-May-18,159.3259,58.1,1200,74,1500,99
24-May-18,159.3259,0.1,1200,82,1500,124
25-May-18,159.3359,0,1200,79,1500,124
26-May-18,159.3359,0.4,1200,79,1500,124
27-May-18,159.376,0.5,1200,78,1500,124
28-May-18,159.376,0,1200,78,1500,148
29-May-18,159.3358,0,1200,83,1500,124
30-May-18,159.3358,0,1200,78,1500,138
31-May-18,159.4762,0,1200,83,1500,138
01-Jun-18,159.6163,0,1200,83,1500,158
02-Jun-18,159.6163,0,1200,79,1500,124
03-Jun-18,159.8467,0,1200,91,1500,124
04-Jun-18,159.8467,0,1200,91,1500,128
05-Jun-18,159.8165,0,1200,87,1500,128
06-Jun-18,159.8867,22,1200,84,1500,108
07-Jun-18,160.0069,0,1200,84,1500,118
08-Jun-18,160.177,0,1200,87,1500,118
09-Jun-18,160.177,0,1200,89,1500,124
10-Jun-18,160.2472,0,1200,91,1500,124
11-Jun-18,160.2472,0,1200,91,1500,123
12-Jun-18,160.7278,0,1200,89,1500,128
13-Jun-18,160.8079,0,1200,88,1500,128
14-Jun-18,160.9282,0,1200,88,1500,128
15-Jun-18,160.9282,0,1200,92,1500,124
16-Jun-18,161.0082,0,1200,91,1500,124
17-Jun-18,161.0082,0,1200,91,1500,124
18-Jun-18,161.0082,0,1200,91,1500,133
19-Jun-18,161.1782,0,1200,93,1500,125
20-Jun-18,161.2683,0,1200,93,1500,118
21-Jun-18,161.3183,0,1200,93,1500,118
22-Jun-18,160.9279,0,1200,94,1500,128
23-Jun-18,160.9279,0,1200,94,1500,124
24-Jun-18,160.3972,0,1200,91,1500,124
25-Jun-18,160.3972,0,1200,91,1500,108
26-Jun-18,160.267,0,1200,103,1500,113
27-Jun-18,159.8565,0,1200,103,1500,124
28-Jun-18,159.8565,0,1200,91,1500,124
29-Jun-18,159.7664,0,1200,91,1500,128
30-Jun-18,159.7664,0,1200,94,1500,124
01-Jul-18,159.7464,0,1200,91,1500,124
02-Jul-18,159.7464,0.2,1200,91,1500,121
03-Jul-18,159.7664,0,1200,97,1500,125
04-Jul-18,159.8165,0,1200,103,1500,145
05-Jul-18,159.9565,0,1200,103,1500,138
06-Jul-18,160.2472,0,1200,98,1500,121
07-Jul-18,160.2472,0,1200,98,1500,143
08-Jul-18,160.4675,0,1200,93,1500,121
09-Jul-18,160.4675,0,1200,97,1500,121
10-Jul-18,160.5576,0,1200,97,1500,123
11-Jul-18,160.5776,0,1200,93,1500,133
12-Jul-18,160.5976,0,1200,103,1500,123
13-Jul-18,160.7471,0,1200,94,1500,123
14-Jul-18,160.7471,0,1200,93,1500,128
15-Jul-18,160.8973,0,1200,94,1500,121
16-Jul-18,160.8973,0,1200,97,1500,121
17-Jul-18,161.2578,0,1200,97,1500,108
18-Jul-18,161.2551,0,1200,93,1500,123
19-Jul-18,161.2752,0,1200,99,1500,108
20-Jul-18,161.3053,0,1200,99,1500,113
21-Jul-18,161.3053,0,1200,99,1500,113
22-Jul-18,161.3053,0,1200,97,1500,121
23-Jul-18,161.3053,0,1200,97,1500,121
24-Jul-18,160.9547,0,1200,97,1500,108
25-Jul-18,160.9347,0,1200,98,1500,103
26-Jul-18,160.9747,0,1200,79,1500,108
27-Jul-18,160.9747,0,1200,98,1500,118
28-Jul-18,160.9747,0,1200,104,1500,121
29-Jul-18,160.9848,0,1200,97,1500,121
30-Jul-18,160.9848,0,1200,97,1500,121
31-Jul-18,161.115,0,1200,97,1500,128
01-Aug-18,161.1049,0,1200,103,1500,108
02-Aug-18,161.0248,0,1200,98,1500,118
03-Aug-18,161.1249,0,1200,104,1500,118
04-Aug-18,161.1249,0,1200,99,1500,118
05-Aug-18,161.2051,0,1200,99,1500,103
06-Aug-18,161.2051,0,1200,96,1500,103
07-Aug-18,161.185,0,1200,96,1500,113
08-Aug-18,161.175,0,1200,98,1500,98
09-Aug-18,161.3252,0,1200,97,1500,108
10-Aug-18,161.3453,0.1,1200,98,1500,98
11-Aug-18,161.3453,0,1200,102,1500,88
12-Aug-18,161.3853,0,1200,103,1500,103
13-Aug-18,161.3853,0,1200,96,1500,103
14-Aug-18,161.4153,23.2,1200,96,1500,113
15-Aug-18,161.4854,0,1200,98,1500,108
16-Aug-18,161.5455,0,1200,103,1500,98
17-Aug-18,161.7858,0,1200,98,1500,103
18-Aug-18,161.7858,0,1200,99,1500,103
19-Aug-18,161.8159,0,1300,99,1500,103
20-Aug-18,161.8159,0,1300,96,1500,103
21-Aug-18,161.936,0,1300,96,1500,108
22-Aug-18,161.936,0,1300,97,1500,103
23-Aug-18,161.966,0,1300,92,1500,103
24-Aug-18,162.1162,0,1300,96,1500,88
25-Aug-18,162.1162,0,1300,93,1500,88
26-Aug-18,162.3064,0,1300,92,1500,103
27-Aug-18,162.3064,0.4,1300,96,1500,103
28-Aug-18,162.4066,0,1300,96,1500,113
29-Aug-18,162.4968,0,1300,93,1500,78
30-Aug-18,162.6869,0,1300,89,1500,108
31-Aug-18,162.7471,3.3,1300,88,1500,103
01-Sep-18,162.7471,0,1300,85,1500,93
02-Sep-18,162.787,0,1300,89,1500,96
03-Sep-18,162.787,0,1300,89,1500,96
04-Sep-18,162.9973,0,1300,89,1500,89
05-Sep-18,163.3676,0,1300,83,1500,98
06-Sep-18,163.578,0,1300,84,1500,98
07-Sep-18,163.2576,0,1300,84,1500,103
08-Sep-18,163.2576,0,1300,84,1500,88
09-Sep-18,163.477,0,1300,84,1500,96
10-Sep-18,163.477,0,1300,89,1500,96
11-Sep-18,163.8475,0,1300,89,1500,98
12-Sep-18,163.7873,0,1300,83,1500,98
13-Sep-18,163.9676,0,1300,93,1500,93
14-Sep-18,164.3781,0,1300,78,1500,98
15-Sep-18,164.3781,0,1300,84,1500,96
16-Sep-18,165.149,15.9,1300,84,1500,96
17-Sep-18,165.149,0,1300,89,1500,96
18-Sep-18,166.6411,0,1300,89,1500,88
19-Sep-18,167.4125,0,1300,103,1500,93
20-Sep-18,168.6341,0,1300,103,1500,99
21-Sep-18,170.6569,0,1300,99,1500,93
22-Sep-18,170.6569,0,1300,103,1500,93
23-Sep-18,170.3966,0,1300,89,1500,96
24-Sep-18,170.3966,33.2,1300,89,1500,96
25-Sep-18,170.3966,0,1300,89,1500,96
26-Sep-18,170.6566,11.3,1300,89,1500,96
27-Sep-18,170.6767,1.3,1300,89,1500,103
28-Sep-18,170.8572,0,1300,88,1500,89
29-Sep-18,170.8572,0.6,1300,89,1500,103
30-Sep-18,170.9072,0.2,1300,89,1500,96
01-Oct-18,170.9072,8.1,1300,89,1500,96
02-Oct-18,170.7569,8.5,1300,89,1500,225
03-Oct-18,170.9473,10.4,1300,89,1500,225
04-Oct-18,171.4279,0.8,1300,212,1500,225
05-Oct-18,171.6784,0.1,1300,212,1500,225
06-Oct-18,171.6784,0,1300,212,1500,225
07-Oct-18,171.9987,2.4,1300,212,1500,225
08-Oct-18,171.9987,0,1300,212,1500,225
09-Oct-18,172.3491,0,1300,212,1500,225
10-Oct-18,172.8198,0,1300,212,1500,225
11-Oct-18,172.9,0,1300,212,1500,215
12-Oct-18,172.9301,0,1300,212,1500,238
13-Oct-18,172.9301,0.6,1300,220,1500,225
14-Oct-18,171.6077,0,1300,268,1500,225
15-Oct-18,171.6077,0,1300,212,1500,220
16-Oct-18,172.279,25.8,1300,212,1500,218
17-Oct-18,172.6395,4,1300,258,1500,215
18-Oct-18,172.7295,10.7,1300,278,1500,218
19-Oct-18,172.9901,0,1300,210,1500,243
20-Oct-18,172.9901,42.3,1300,278,1500,225
21-Oct-18,173.3808,0,1300,268,1500,255
22-Oct-18,173.3808,0,1300,212,1500,243
23-Oct-18,174.1217,6.1,1300,212,1500,220
24-Oct-18,174.1217,81.7,1300,268,1500,288
25-Oct-18,174.3219,11.8,1300,225,1500,238
26-Oct-18,174.4421,6,1300,268,1500,230
27-Oct-18,174.4421,30,1300,180,1500,225
28-Oct-18,174.7525,0.7,1300,170,1500,255
29-Oct-18,174.7525,0.5,1300,212,1500,250
30-Oct-18,175.5637,36.4,1300,212,1500,270
31-Oct-18,176.2547,10.8,1300,195,1500,158
01-Nov-18,177.3261,30.4,1300,103,1500,138
02-Nov-18,175.824,20.4,1300,108,1500,148
03-Nov-18,175.824,18.2,1300,97,1500,118
04-Nov-18,176.0543,0.3,1300,108,1500,134
05-Nov-18,176.0543,27.5,1300,108,1500,134
06-Nov-18,176.0844,0.9,1300,103,1500,128
07-Nov-18,176.0844,37.9,1300,103,1500,134
08-Nov-18,176.3549,75.3,1300,103,1500,128
09-Nov-18,176.7154,0,1300,103,1500,138
10-Nov-18,176.7154,2,1300,93,1500,133
11-Nov-18,176.8654,0.1,1300,113,1500,134
12-Nov-18,176.8654,0,1300,113,1500,134
13-Nov-18,177.3061,0,1300,103,1500,108
14-Nov-18,177.6267,0,1300,103,1500,148
15-Nov-18,178.1073,68.9,1300,103,1500,148
16-Nov-18,178.1374,0.2,1300,98,1500,128
17-Nov-18,178.1374,0.2,1300,102,1500,138
18-Nov-18,178.2675,2.5,1300,103,1500,134
19-Nov-18,178.2675,15.3,1300,108,1500,134
20-Nov-18,179.0487,46.2,1300,103,1500,118
21-Nov-18,179.0487,0.4,1300,103,1500,134
22-Nov-18,180.6606,13.8,1300,99,1500,128
23-Nov-18,180.6606,1.2,1300,103,1500,134
24-Nov-18,180.6606,0.2,1300,103,1500,134
25-Nov-18,181.542,0,1300,103,1500,134
26-Nov-18,181.542,0,1300,103,1500,134
27-Nov-18,181.9426,0,1300,103,1500,138
28-Nov-18,182.2733,10.4,1300,103,1500,138
29-Nov-18,181.3919,0,1300,89,1500,178
30-Nov-18,181.462,1,1300,102,1500,138
01-Dec-18,181.462,3.1,1300,108,1500,113
02-Dec-18,180.9009,0,1300,97,1500,119
03-Dec-18,180.9009,37.5,1300,101,1500,119
04-Dec-18,180.5705,0.5,1300,80,1500,138
05-Dec-18,180.841,0.2,1300,80,1500,128
06-Dec-18,181.0212,6.9,1300,108,1500,108
07-Dec-18,181.0212,0,1300,83,1500,123
08-Dec-18,181.0212,0,1300,88,1500,128
09-Dec-18,180.5805,0,1300,88,1500,119
10-Dec-18,180.5805,0,1300,78,1500,199
11-Dec-18,180.8408,0,1300,80,1500,199
12-Dec-18,181.0613,0,1300,80,1500,128
13-Dec-18,181.3015,0,1300,80,1500,138
14-Dec-18,181.3618,3.9,1300,73,1500,128
15-Dec-18,181.3618,0,1300,78,1500,138
16-Dec-18,181.6321,0,1300,78,1500,119
17-Dec-18,181.6321,0,1300,73,1500,119
18-Dec-18,181.7021,0,1300,80,1500,118
19-Dec-18,181.8724,0,1300,80,1500,118
20-Dec-18,182.223,3.4,1300,73,1500,118
21-Dec-18,182.7137,63.2,1300,79,1500,118
22-Dec-18,182.7137,4.1,1300,75,1500,88
23-Dec-18,182.954,3.8,1300,73,1500,119
24-Dec-18,182.954,3.3,1300,73,1500,119
25-Dec-18,183.1744,1.3,1300,80,1500,88
26-Dec-18,183.1744,0.4,1300,80,1500,119
27-Dec-18,183.5548,0,1300,78,1500,108
28-Dec-18,184.0758,0,1300,80,1500,108
29-Dec-18,184.0758,0,1300,83,1500,108
30-Dec-18,184.6966,1,1300,83,1500,119
31-Dec-18,184.6966,0,1300,78,1500,119
01-Jan-19,184.6363,0,1350,73,1500,125
02-Jan-19,184.5462,0,1350,78,1500,103
03-Jan-19,184.6462,0,1350,73,1500,138
04-Jan-19,184.6663,0,1350,68,1500,110
05-Jan-19,184.6663,0,1350,67,1500,110
06-Jan-19,184.4959,0,1350,67,1500,110
07-Jan-19,184.4959,0,1350,73,1500,110
08-Jan-19,184.0954,0,1350,73,1500,124
09-Jan-19,184.3458,0,1350,63,1500,88
10-Jan-19,184.1555,0,1350,63,1500,124
11-Jan-19,183.8449,0,1350,63,1500,118
12-Jan-19,183.8449,0,1350,67,1500,110
13-Jan-19,183.7649,0,1350,67,1500,90
14-Jan-19,183.7649,0,1350,68,1500,78
15-Jan-19,184.0353,0,1350,67,1500,90
16-Jan-19,184.0353,0,1350,67,1500,108
17-Jan-19,184.0955,0,1350,68,1500,110
18-Jan-19,183.6647,0,1350,68,1500,148
19-Jan-19,183.6647,0,1350,67,1500,110
20-Jan-19,183.4243,0,1350,67,1500,110
21-Jan-19,183.4243,0,1350,68,1500,158
22-Jan-19,183.5546,0,1350,73,1500,108
23-Jan-19,183.8853,0,1350,67,1500,110
24-Jan-19,183.9552,0,1350,68,1500,100
25-Jan-19,183.5747,0,1350,68,1500,108
26-Jan-19,183.5747,0,1350,67,1500,106
27-Jan-19,183.4544,0,1350,67,1500,110
28-Jan-19,183.4544,0,1350,58,1500,110
29-Jan-19,183.4144,0,1350,61,1500,90
30-Jan-19,182.7033,0,1350,61,1500,95
31-Jan-19,181.2816,0,1350,62,1500,95
01-Feb-19,180.1999,0,1350,63,1500,75
02-Feb-19,180.1999,0,1350,62,1500,69
03-Feb-19,180.1999,0,1350,62,1500,69
04-Feb-19,178.8381,0.6,1350,62,1500,69
05-Feb-19,178.8381,0,1350,63,1500,88
06-Feb-19,179.9798,0,1350,63,1500,83
07-Feb-19,179.6092,0,1350,58,1500,65
08-Feb-19,179.5189,0,1350,61,1500,50
09-Feb-19,179.5189,4.7,1350,62,1500,69
10-Feb-19,179.6291,0,1350,62,1500,69
11-Feb-19,179.6291,0,1350,61,1500,105
12-Feb-19,179.6391,0,1350,61,1500,88
13-Feb-19,180.0498,0,1350,62,1500,85
14-Feb-19,180.21,0.6,1350,73,1500,93
15-Feb-19,180.2802,0,1350,63,1500,78
16-Feb-19,180.2802,0,1350,62,1500,69
17-Feb-19,180.4203,0,1350,62,1500,69
18-Feb-19,180.4203,0,1350,62,1500,100
19-Feb-19,181.502,0,1350,62,1500,69
20-Feb-19,181.502,0,1350,68,1500,88
21-Feb-19,181.3717,0,1350,61,1500,90
22-Feb-19,181.3115,0,1350,62,1500,73
23-Feb-19,181.3115,0,1350,62,1500,69
24-Feb-19,181.2814,0,1350,62,1500,69
25-Feb-19,181.2814,0,1350,63,1500,93
26-Feb-19,181.4017,0,1350,63,1500,98
27-Feb-19,181.5719,0,1350,58,1500,88
28-Feb-19,181.662,0,1350,57,1500,70
01-Mar-19,181.7323,0,1350,58,1500,80
02-Mar-19,181.7323,0,1350,62,1500,86
03-Mar-19,181.7323,0,1350,62,1500,86
04-Mar-19,181.5217,0,1350,62,1500,86
05-Mar-19,181.5217,0,1350,63,1500,88
06-Mar-19,180.8508,0,1350,59,1500,86
07-Mar-19,180.2,0,1350,59,1500,86
08-Mar-19,180.19,0,1350,58,1500,68
09-Mar-19,180.19,3.2,1350,62,1500,86
10-Mar-19,180.16,0,1350,62,1500,86
11-Mar-19,180.16,0,1350,61,1500,93
12-Mar-19,180.3202,0,1350,61,1500,88
13-Mar-19,180.5805,0,1350,61,1500,88
14-Mar-19,180.5905,0,1350,61,1500,68
15-Mar-19,180.6005,0,1350,58,1500,68
16-Mar-19,180.6005,0,1350,62,1500,86
17-Mar-19,180.28,0,1350,62,1500,86
18-Mar-19,180.28,0,1350,61,1500,75
19-Mar-19,180.1497,0,1350,61,1500,73
20-Mar-19,180.2098,0,1350,62,1500,86
21-Mar-19,180.2098,0,1350,69,1500,95
22-Mar-19,179.7894,0,1350,59,1500,100
23-Mar-19,179.7894,0,1350,62,1500,86
24-Mar-19,179.8695,0,1350,62,1500,86
25-Mar-19,179.8695,0,1350,67,1500,73
26-Mar-19,179.9496,0,1350,68,1500,88
27-Mar-19,179.4086,0,1350,67,1500,78
28-Mar-19,178.127,0,1350,67,1500,70
29-Mar-19,178.0169,0,1350,64,1500,75
30-Mar-19,178.0169,0,1350,62,1500,86
31-Mar-19,177.2357,0,1350,62,1500,86
01-Apr-19,177.2357,0,1350,63,1500,103
02-Apr-19,176.6648,0,1350,66,1500,93
03-Apr-19,176.3744,0,1350,71,1500,75
04-Apr-19,176.4947,0,1350,69,1500,85
05-Apr-19,176.5048,0,1350,71,1500,75
06-Apr-19,176.5048,0,1350,76,1500,97
07-Apr-19,176.665,0,1350,76,1500,97
08-Apr-19,176.665,0,1350,69,1500,88
09-Apr-19,176.4647,0,1350,83,1500,85
10-Apr-19,176.5648,0,1350,79,1500,95
11-Apr-19,176.4946,0,1350,93,1500,103
12-Apr-19,176.5047,0,1350,78,1500,85
13-Apr-19,176.5047,0,1350,76,1500,97
14-Apr-19,176.5047,0,1350,76,1500,97
15-Apr-19,176.4546,0,1350,76,1500,97
16-Apr-19,176.4546,7.1,1350,76,1500,97
17-Apr-19,176.4647,0,1350,76,1500,91
18-Apr-19,176.3244,6.4,1350,88,1500,130
19-Apr-19,176.3244,16.5,1350,76,1500,97
20-Apr-19,176.3244,0,1350,76,1500,97
21-Apr-19,176.3243,0,1350,76,1500,97
22-Apr-19,176.3243,5.8,1350,79,1500,105
23-Apr-19,176.4946,0,1350,79,1500,105
24-Apr-19,176.5647,0,1350,78,1500,108
25-Apr-19,176.8656,0,1350,83,1500,98
26-Apr-19,177.0857,0,1350,73,1500,116
27-Apr-19,177.0857,0.6,1350,76,1500,97
28-Apr-19,177.4561,0,1350,76,1500,97
29-Apr-19,177.4561,0,1350,73,1500,103
30-Apr-19,177.7363,0,1350,68,1500,108
01-May-19,178.0671,0,1350,76,1500,97
02-May-19,178.0671,0,1400,74,1500,124
03-May-19,178.7284,0,1400,67,1500,110
04-May-19,178.7284,0,1400,67,1500,106
05-May-19,179.0285,0,1400,74,1500,124
06-May-19,179.0285,0,1400,74,1500,124
07-May-19,179.2987,0,1400,63,1500,100
08-May-19,178.8278,0,1400,63,1500,100
09-May-19,176.8454,0,1400,64,1500,108
10-May-19,177.6464,0,1400,67,1500,108
11-May-19,177.6464,0,1400,64,1500,100
12-May-19,178.1371,0,1400,74,1500,124
13-May-19,178.1371,0,1400,74,1500,124
14-May-19,178.3773,0,1400,67,1500,115
15-May-19,178.5877,0,1400,67,1500,145
16-May-19,178.1269,0,1400,68,1500,165
17-May-19,177.8265,0,1400,67,1500,120
18-May-19,177.8265,0,1400,69,1500,105
19-May-19,177.8265,0,1400,74,1500,124
20-May-19,177.8065,0,1400,74,1500,124
21-May-19,177.8065,0,1400,74,1500,124
22-May-19,178.087,0,1400,67,1500,105
23-May-19,178.5775,0,1400,83,1500,135
24-May-19,178.2372,0,1400,84,1500,130
25-May-19,178.2372,0,1400,86,1500,150
26-May-19,178.2171,0,1400,74,1500,124
27-May-19,178.2171,0,1400,74,1500,124
28-May-19,178.1268,0,1400,94,1500,145
29-May-19,178.117,0,1400,89,1500,155
30-May-19,178.137,0,1400,88,1500,140
31-May-19,178.2672,0,1400,89,1500,135
01-Jun-19,178.2672,0,1400,88,1500,135
02-Jun-19,178.3372,0,1400,97,1500,153
03-Jun-19,178.3372,0,1400,97,1500,153
04-Jun-19,178.3473,0,1400,88,1500,128
05-Jun-19,178.3473,0,1400,88,1500,138
06-Jun-19,178.3572,0,1400,97,1500,153
07-Jun-19,178.2771,0,1400,88,1500,140
08-Jun-19,178.2771,0,1400,88,1500,140
09-Jun-19,178.3172,0,1400,97,1500,153
10-Jun-19,178.3172,0,1400,97,1500,153
11-Jun-19,178.2971,0,1400,89,1500,150
12-Jun-19,178.3272,21.7,1400,98,1500,175
13-Jun-19,178.3572,0,1400,103,1500,150
14-Jun-19,178.4574,0,1400,103,1500,148
15-Jun-19,178.4574,0,1400,103,1500,185
16-Jun-19,178.6376,0,1400,97,1500,153
17-Jun-19,178.6376,0,1400,97,1500,153
18-Jun-19,178.6377,0,1400,107,1500,160
19-Jun-19,178.5477,0,1400,107,1500,170
20-Jun-19,178.4975,0,1400,102,1500,150
21-Jun-19,178.5175,0,1400,102,1500,135
22-Jun-19,178.5175,0,1400,101,1500,140
23-Jun-19,178.5075,0,1400,97,1500,153
24-Jun-19,178.5075,0,1400,97,1500,153
25-Jun-19,178.2872,0,1400,101,1500,145
26-Jun-19,178.2171,0,1400,98,1500,168
27-Jun-19,178.2673,0,1400,94,1500,168
28-Jun-19,178.3574,0,1400,93,1500,145
29-Jun-19,178.3574,0,1400,93,1500,180
30-Jun-19,178.2674,0,1400,97,1500,153
01-Jul-19,178.2674,0,1400,97,1500,153
02-Jul-19,178.0669,0,1400,97,1500,165
03-Jul-19,178.067,0,1400,98,1500,170
04-Jul-19,177.8566,0,1400,101,1500,170
05-Jul-19,177.8667,0,1400,107,1500,188
06-Jul-19,177.8667,0,1400,108,1500,178
07-Jul-19,177.8867,0,1400,104,1500,130
08-Jul-19,177.8867,0.7,1400,109,1500,130
09-Jul-19,177.7867,0,1400,109,1500,130
10-Jul-19,177.4561,0,1400,113,1500,140
11-Jul-19,177.3159,0,1400,113,1500,143
12-Jul-19,177.2157,0,1400,118,1500,138
13-Jul-19,177.2157,0,1400,113,1500,118
14-Jul-19,177.2358,0,1400,113,1500,130
15-Jul-19,177.2358,0,1400,109,1500,130
16-Jul-19,177.2358,0,1400,109,1500,110
17-Jul-19,177.3861,0,1400,112,1500,130
18-Jul-19,177.376,2.7,1400,109,1500,125
19-Jul-19,177.4061,0,1400,113,1500,140
20-Jul-19,177.4061,8.1,1400,123,1500,125
21-Jul-19,177.4662,0,1400,107,1500,130
22-Jul-19,177.4662,0,1400,109,1500,130
23-Jul-19,177.5964,0,1400,109,1500,138
24-Jul-19,177.7065,77.8,1400,113,1500,110
25-Jul-19,177.8968,0,1400,108,1500,100
26-Jul-19,177.8968,0,1400,107,1500,108
27-Jul-19,177.8968,0,1400,107,1500,85
28-Jul-19,177.8968,0,1400,107,1500,130
29-Jul-19,177.8968,0,1400,109,1500,130
30-Jul-19,177.9068,0,1400,109,1500,88
31-Jul-19,177.9768,0,1400,107,1500,83
01-Aug-19,178.0569,0,1400,102,1500,118
02-Aug-19,178.2372,0,1400,113,1500,105
03-Aug-19,178.2372,0,1400,107,1500,98
04-Aug-19,178.3074,0,1400,101,1500,102
05-Aug-19,178.3074,0,1400,120,1500,102
06-Aug-19,178.6378,0.6,1400,120,1500,103
07-Aug-19,179.2287,0,1400,108,1500,90
08-Aug-19,179.1885,0,1400,107,1500,93
09-Aug-19,178.6679,7.8,1400,112,1500,75
10-Aug-19,178.6679,0,1400,108,1500,88
11-Aug-19,178.5977,0,1400,108,1500,102
12-Aug-19,178.5977,0,1400,120,1500,102
13-Aug-19,178.5977,0.1,1400,120,1500,102
14-Aug-19,178.6478,0.1,1400,120,1500,118
15-Aug-19,178.6478,5.7,1400,118,1500,102
16-Aug-19,178.7981,0,1400,120,1500,108
17-Aug-19,178.7981,17.8,1400,123,1500,98
18-Aug-19,178.8482,0,1400,118,1500,102
19-Aug-19,178.8482,3,1400,120,1500,102
20-Aug-19,179.1386,26.1,1400,120,1500,88
21-Aug-19,179.6867,0,1400,123,1500,108
22-Aug-19,180.4706,0,1400,123,1500,128
23-Aug-19,181.2417,0.5,1400,113,1500,83
24-Aug-19,181.2417,0,1400,118,1500,124
25-Aug-19,181.4721,0,1400,128,1500,102
26-Aug-19,181.4721,0,1400,120,1500,102
27-Aug-19,181.3418,0,1400,120,1500,113
28-Aug-19,181.4619,21.4,1400,138,1500,98
29-Aug-19,182.1527,0,1400,138,1500,115
30-Aug-19,182.1028,0,1400,138,1500,108
31-Aug-19,182.1028,0,1400,133,1500,108
01-Sep-19,181.011,0,1400,133,1500,102
02-Sep-19,181.011,0,1400,120,1500,108
03-Sep-19,181.5619,0,1400,146,1500,118
04-Sep-19,181.9827,0,1400,123,1500,108
05-Sep-19,182.173,0,1400,123,1500,93
06-Sep-19,182.3832,0,1400,123,1500,123
07-Sep-19,182.3832,0,1400,123,1500,115
08-Sep-19,182.5033,0,1400,118,1500,120
09-Sep-19,182.5033,0,1400,146,1500,120
10-Sep-19,182.1828,0.3,1400,146,1500,120
11-Sep-19,182.1026,31.9,1400,128,1500,100
12-Sep-19,182.0726,37.9,1400,128,1500,138
13-Sep-19,182.0726,0.3,1400,128,1500,118
14-Sep-19,182.0726,34.5,1400,128,1500,120
15-Sep-19,182.0726,8.7,1400,146,1500,120
16-Sep-19,182.0726,1.8,1400,146,1500,120
17-Sep-19,182.1828,34.4,1400,146,1500,123
18-Sep-19,182.283,0,1400,149,1500,108
19-Sep-19,182.4532,0,1400,148,1500,148
20-Sep-19,182.6335,0,1400,153,1500,138
21-Sep-19,182.6335,0,1400,158,1500,143
22-Sep-19,182.7938,17.3,1400,173,1500,120
23-Sep-19,182.7938,1.7,1400,146,1500,120
24-Sep-19,183.1442,0,1400,146,1500,108
25-Sep-19,182.9138,0,1400,173,1500,130
26-Sep-19,183.2944,0,1400,163,1500,118
27-Sep-19,183.5447,0,1400,163,1500,123
28-Sep-19,183.5447,2.1,1400,168,1500,108
29-Sep-19,183.5647,1.8,1400,163,1500,120
30-Sep-19,183.5647,5.3,1400,146,1500,120
01-Oct-19,183.755,0,1400,146,1500,125
02-Oct-19,184.0354,0,1400,188,1500,158
03-Oct-19,183.5547,0,1400,146,1500,158
04-Oct-19,183.2143,3.3,1400,300,1500,148
05-Oct-19,183.2143,5.8,1400,308,1500,188
06-Oct-19,183.074,2.9,1400,273,1500,221
07-Oct-19,183.074,0,1400,238,1500,221
08-Oct-19,182.5733,0,1400,227,1500,195
09-Oct-19,182.1427,1.6,1400,227,1500,180
10-Oct-19,182.2228,28.4,1400,208,1500,190
11-Oct-19,182.2731,0.4,1400,208,1500,215
12-Oct-19,182.2731,0,1400,238,1500,238
13-Oct-19,182.353,0,1400,220,1500,221
14-Oct-19,182.353,6.6,1400,268,1500,221
15-Oct-19,182.7335,5.3,1400,227,1500,220
16-Oct-19,183.5648,9.3,1400,227,1500,218
17-Oct-19,183.5647,0.5,1400,258,1500,215
18-Oct-19,183.6549,4.7,1400,278,1500,218
19-Oct-19,183.6549,36.2,1400,210,1500,243
20-Oct-19,183.6449,18,1400,278,1500,221
21-Oct-19,183.6449,21.6,1400,268,1500,221
22-Oct-19,183.4545,63.7,1400,227,1500,243
23-Oct-19,183.3044,0.5,1400,227,1500,220
24-Oct-19,183.094,17,1400,268,1500,288
25-Oct-19,182.9838,3.5,1400,225,1500,238
26-Oct-19,182.9838,43.8,1400,268,1500,230
27-Oct-19,183.094,7.9,1400,180,1500,221
28-Oct-19,183.094,51.1,1400,170,1500,221
29-Oct-19,183.1842,108.6,1400,227,1500,250
30-Oct-19,183.2642,0,1400,227,1500,270
31-Oct-19,183.3179,54.8,1400,195,1500,278
01-Nov-19,182.9838,0.3,1400,103,1500,285
02-Nov-19,182.9838,0,1400,110,1500,275
03-Nov-19,182.8637,2.2,1400,143,1500,332
04-Nov-19,182.8637,0,1400,205,1500,332
05-Nov-19,182.1728,0,1400,163,1500,293
06-Nov-19,182.0726,0,1400,125,1500,270
07-Nov-19,182.4731,0,1400,125,1500,275
08-Nov-19,182.4933,0,1400,125,1500,395
09-Nov-19,182.4933,9.1,1400,153,1500,290
10-Nov-19,182.4933,0,1400,135,1500,332
11-Nov-19,182.2928,0,1400,98,1500,332
12-Nov-19,182.2928,3.1,1400,125,1500,332
13-Nov-19,182.2928,2.8,1400,125,1500,332
14-Nov-19,182.1025,0,1400,125,1500,265
15-Nov-19,182.1126,20.9,1400,125,1500,283
16-Nov-19,182.1126,3.4,1400,125,1500,270
17-Nov-19,181.6725,0.6,1400,120,1500,332
18-Nov-19,181.6725,0.1,1400,125,1500,332
19-Nov-19,181.2914,0.1,1400,125,1500,325
20-Nov-19,181.0712,6.5,1400,125,1500,385
21-Nov-19,181.0611,2.8,1400,118,1500,368
22-Nov-19,181.3717,0.3,1400,118,1500,360
23-Nov-19,181.3717,52.7,1400,140,1500,280
24-Nov-19,181.7623,23,1400,118,1500,332
25-Nov-19,181.7623,4.7,1400,158,1500,332
26-Nov-19,182.5533,9.9,1400,125,1500,375
27-Nov-19,183.2645,17.4,1400,125,1500,415
28-Nov-19,182.5934,59,1400,165,1500,410
29-Nov-19,182.4131,18.5,1400,143,1500,378
30-Nov-19,182.4131,0.4,1400,125,1500,400
01-Dec-19,182.6033,39.2,1400,148,1500,332
02-Dec-19,182.6033,2.3,1400,135,1500,455
03-Dec-19,182.8938,0.5,1400,125,1500,410
04-Dec-19,183.2142,80.6,1400,125,1500,370
05-Dec-19,183.024,5.4,1400,130,1500,445
06-Dec-19,183.1942,4.7,1400,138,1500,410
07-Dec-19,183.1942,0,1400,130,1500,480
08-Dec-19,182.9838,0,1400,138,1500,455
09-Dec-19,182.9838,0.1,1400,120,1500,455
10-Dec-19,183.0038,0,1400,138,1500,410
11-Dec-19,183.0038,11,1400,130,1500,493
12-Dec-19,182.8536,24.6,1400,130,1500,455
13-Dec-19,182.5633,0,1400,125,1500,455
14-Dec-19,182.5633,0,1400,148,1500,435
15-Dec-19,182.8137,1.1,1400,130,1500,455
16-Dec-19,182.8137,5.7,1400,135,1500,455
17-Dec-19,182.8438,3.5,1400,143,1500,450
18-Dec-19,182.8136,0.8,1400,130,1500,588
19-Dec-19,182.8438,0.5,1400,130,1500,578
20-Dec-19,183.144,0,1400,128,1500,458
21-Dec-19,183.144,1.9,1400,140,1500,508
22-Dec-19,182.8136,5.2,1400,153,1500,455
23-Dec-19,182.8136,29,1400,138,1500,455
24-Dec-19,182.9939,7.9,1400,143,1500,500
25-Dec-19,182.9939,0,1400,130,1500,350
26-Dec-19,183.014,0,1400,130,1500,455
27-Dec-19,183.064,0,1400,118,1500,478
28-Dec-19,183.064,0,1400,113,1500,400
29-Dec-19,183.2142,0,1400,130,1500,455
30-Dec-19,183.2142,0.9,1400,108,1500,455
31-Dec-19,183.3345,0,1400,110,1500,455
01-Jan-20,183.154,0,1400,103,1500,395
02-Jan-20,182.9138,0,1400,108,1500,422
03-Jan-20,183.084,0,1400,110,1500,432
04-Jan-20,183.084,0,1400,108,1500,410
05-Jan-20,183.0439,0,1400,108,1500,328
06-Jan-20,183.0439,0,1400,109,1500,320
07-Jan-20,183.054,0,1400,102,1500,410
08-Jan-20,183.0439,0,1400,99,1500,420
09-Jan-20,183.3546,0,1400,120,1500,420
10-Jan-20,183.3546,0,1400,108,1500,328
11-Jan-20,183.0839,0,1400,108,1500,310
12-Jan-20,183.0839,0,1400,108,1500,328
13-Jan-20,183.0839,0,1400,103,1500,350
14-Jan-20,183.2342,0,1400,103,1500,328
15-Jan-20,183.2342,0,1400,108,1500,350
16-Jan-20,183.2642,0.3,1400,128,1500,378
17-Jan-20,183.0438,3.4,1400,133,1500,258
18-Jan-20,183.0438,17.5,1400,108,1500,245
19-Jan-20,183.0438,0,1400,108,1500,362
20-Jan-20,183.0438,0,1400,109,1500,348
21-Jan-20,183.0639,0,1400,108,1500,362
22-Jan-20,183.1766,2,1400,98,1500,338
23-Jan-20,183.2267,0,1400,105,1500,244
24-Jan-20,183.2769,0,1400,105,1500,325
25-Jan-20,183.2769,0,1400,108,1500,350
26-Jan-20,183.3169,0,1400,108,1500,350
27-Jan-20,183.3169,0,1400,105,1500,355
28-Jan-20,183.347,0,1400,100,1500,350
29-Jan-20,183.3369,0,1400,100,1500,375
30-Jan-20,183.3067,0,1400,90,1500,360
31-Jan-20,183.3068,0,1400,125,1500,325
01-Feb-20,183.3068,0,1400,159,1500,325
02-Feb-20,183.2467,0,1400,159,1500,320
03-Feb-20,183.2467,0,1400,100,1500,275
04-Feb-20,183.2667,0,1500,159,1500,275
05-Feb-20,183.2667,0,1500,128,1500,275
06-Feb-20,183.2166,0,1500,123,1500,295
07-Feb-20,183.1965,0,1500,135,1500,315
08-Feb-20,183.1965,0,1500,159,1500,245
09-Feb-20,183.2267,0,1500,159,1500,253
10-Feb-20,183.2267,0,1500,128,1500,208
11-Feb-20,183.2066,0,1500,175,1500,280
12-Feb-20,183.2267,0,1500,238,1500,290
13-Feb-20,183.2466,0,1500,223,1500,263
14-Feb-20,183.2366,0,1500,267,1500,300
15-Feb-20,183.2366,0,1500,159,1500,340
16-Feb-20,183.2668,0,1500,159,1500,350
17-Feb-20,183.2668,0,1500,160,1500,285
18-Feb-20,183.3269,0,1500,155,1500,260
19-Feb-20,183.3971,0,1500,138,1500,280
20-Feb-20,183.6877,0,1500,138,1500,303
21-Feb-20,183.6877,17.4,1500,159,1500,280
22-Feb-20,183.407,0.2,1500,159,1500,280
23-Feb-20,183.407,0,1500,159,1500,280
24-Feb-20,183.407,0,1500,160,1500,280
25-Feb-20,183.4972,0,1500,153,1500,250
26-Feb-20,183.4872,0,1500,150,1500,220
27-Feb-20,183.4971,0,1500,158,1500,248
28-Feb-20,183.6374,0,1500,138,1500,288
29-Feb-20,183.6374,0,1500,151,1500,288
01-Mar-20,183.6774,0,1500,158,1500,248
02-Mar-20,183.6774,0,1500,158,1500,188
03-Mar-20,183.8278,0,1500,158,1500,158
04-Mar-20,183.8779,0,1500,153,1500,180
05-Mar-20,183.8477,0,1500,153,1500,193
06-Mar-20,183.6875,0,1500,151,1500,221
07-Mar-20,183.6875,0,1500,151,1500,221
08-Mar-20,183.7676,0,1500,151,1500,221
09-Mar-20,183.7676,0,1500,143,1500,160
10-Mar-20,183.7676,0,1500,173,1500,170
11-Mar-20,184.3288,0,1500,173,1500,155
12-Mar-20,184.3588,0,1500,168,1500,185
13-Mar-20,185.0899,0,1500,151,1500,221
14-Mar-20,185.0899,0,1500,151,1500,221
15-Mar-20,186.6635,0,1500,151,1500,221
16-Mar-20,186.6635,0,1500,193,1500,220
17-Mar-20,186.6635,0,1500,160,1500,220
18-Mar-20,187.2339,0,1500,140,1500,210
19-Mar-20,188.2057,0,1500,125,1500,250
20-Mar-20,189.8775,0,1500,151,1500,221
21-Mar-20,189.8775,0,1500,151,1500,221
22-Mar-20,189.8775,0,1500,108,1500,295
23-Mar-20,190.6188,0,1500,113,1500,200
24-Mar-20,190.6188,0,1500,151,1500,318
25-Mar-20,190.6188,0,1500,145,1500,260
26-Mar-20,191.9902,0,1500,153,1500,238
27-Mar-20,191.9902,0,1500,151,1500,221
28-Mar-20,191.9902,0,1500,151,1500,221
29-Mar-20,192.5025,0,1500,148,1500,300
30-Mar-20,192.5025,0,1500,151,1500,215
31-Mar-20,192.453,0,1500,138,1500,200
01-Apr-20,192.653,0,1500,83,1500,220
02-Apr-20,192.803,0,1500,83,1500,180
03-Apr-20,193.753,0,1500,83,1500,210
04-Apr-20,193.753,0.4,1500,83,1500,210
05-Apr-20,199.4042,1.3,1500,83,1500,300
06-Apr-20,199.4042,0,1500,83,1500,210
07-Apr-20,200.4652,0,1500,83,1500,250
08-Apr-20,200.4652,0,1500,83,1500,210
09-Apr-20,200.474,0,1500,83,1500,210
10-Apr-20,200.474,0,1500,83,1500,210
11-Apr-20,200.474,0,1500,83,1500,210
12-Apr-20,200.474,0,1500,83,1500,210
13-Apr-20,195.7834,0,1500,83,1500,210
14-Apr-20,195.7834,0,1500,83,1500,210
15-Apr-20,195.7834,0,1500,83,1500,210
16-Apr-20,195.5796,3.2,1500,83,1500,210
17-Apr-20,195.4796,0,1500,83,1500,210
18-Apr-20,195.4796,0,1500,83,1500,210
19-Apr-20,196.6534,1.8,1500,73,1500,218
20-Apr-20,196.6534,0,1500,78,1500,200
21-Apr-20,197.2168,8.8,1500,83,1500,185
22-Apr-20,197.85,3.7,1500,68,1500,190
23-Apr-20,198.2,0,1500,58,1500,210
24-Apr-20,197.6483,0,1500,83,1500,210
25-Apr-20,197.6483,0,1500,83,1500,210
26-Apr-20,196.07,11.5,1500,83,1500,185
27-Apr-20,196.07,0,1500,83,1500,178
28-Apr-20,196.05,0,1500,83,1500,205
29-Apr-20,195.89,0,1500,83,1500,228
30-Apr-20,195.82,0,1500,80,1500,235
01-May-20,195.82,0,1500,80,1500,235
02-May-20,194.1158,0,1500,80,1500,235
03-May-20,194.1158,0,1500,80,1500,220
04-May-20,194.1158,0,1500,80,1500,245
05-May-20,191.71,0,1500,80,1500,235
06-May-20,191.5,0,1500,80,1500,235
07-May-20,191.5,0,1500,80,1500,235
08-May-20,191.5,0,1500,80,1500,235
09-May-20,190.16,4.1,1500,80,1500,235
10-May-20,190.16,7.5,1500,80,1500,240
11-May-20,190.16,15.3,1500,80,1500,258
12-May-20,190.12,6.9,1500,80,1500,238
13-May-20,190.34,0.9,1500,80,1500,238
14-May-20,190.34,0,1500,80,1500,198
15-May-20,189.99,0,1500,80,1500,235
16-May-20,189.99,0,1500,80,1500,235
17-May-20,189.94,4.7,1500,70,1500,248
18-May-20,189.94,0,1500,80,1500,210
19-May-20,189.73,0.5,1500,70,1500,215
20-May-20,189.6,0,1500,80,1500,228
21-May-20,189.25,0,1500,70,1500,258
22-May-20,188.81,0,1500,80,1500,235
23-May-20,188.81,0,1500,80,1500,235
24-May-20,188.06,0,1500,80,1500,235
25-May-20,188.06,0,1500,80,1500,245
26-May-20,188.06,0,1500,100,1500,275
27-May-20,188.4,0,1500,90,1500,218
28-May-20,188.61,0,1500,80,1500,240
29-May-20,188.62,0,1500,80,1500,235
30-May-20,188.62,0,1500,80,1500,235
31-May-20,188.61,0,1500,100,1500,258
01-Jun-20,188.61,0,1500,90,1500,198
02-Jun-20,188.42,0,1500,100,1500,248
03-Jun-20,188.27,0,1500,84,1500,224
04-Jun-20,188.07,0,1500,84,1500,224
05-Jun-20,188.07,0,1500,84,1500,224
06-Jun-20,187.86,0,1500,84,1500,224
07-Jun-20,187.86,0,1500,90,1500,238
08-Jun-20,187.86,0,1500,80,1500,208
09-Jun-20,187.6,0,1500,80,1500,298
10-Jun-20,187.5,0,1500,80,1500,310
11-Jun-20,187.55,0,1500,80,1500,260
12-Jun-20,187.64,0,1500,84,1500,224
13-Jun-20,187.64,0,1500,84,1500,224
14-Jun-20,187.74,0,1500,90,1500,218
15-Jun-20,187.74,0,1500,90,1500,200
16-Jun-20,188.22,0,1500,80,1500,228
17-Jun-20,188.41,0,1500,80,1500,215
18-Jun-20,188.72,0,1500,80,1500,210
19-Jun-20,188.78,0,1500,80,1500,224
20-Jun-20,188.78,0,1500,80,1500,224
21-Jun-20,188.8,0.1,1500,80,1500,240
22-Jun-20,188.8,0,1500,80,1500,238
23-Jun-20,188.82,0,1500,80,1550,218
24-Jun-20,188.8,0.7,1500,80,1550,200
25-Jun-20,188.83,0,1500,80,1550,218
26-Jun-20,188.46,1.9,1500,80,1550,224
27-Jun-20,188.46,0,1500,80,1550,224
28-Jun-20,188.48,0,1500,80,1550,158
29-Jun-20,188.48,0,1500,80,1550,130
30-Jun-20,188.51,0,1500,80,1550,188
01-Jul-20,188.49,0,1500,80,1550,170
02-Jul-20,188.41,0,1500,80,1550,165
03-Jul-20,188.38,0,1500,80,1550,150
04-Jul-20,188.38,0,1500,82,1550,150
05-Jul-20,188.18,0,1500,82,1550,148
06-Jul-20,188.18,0,1500,80,1550,200
07-Jul-20,188.13,0,1500,90,1550,138
08-Jul-20,188.15,0,1500,80,1550,158
09-Jul-20,188.08,0,1500,80,1550,145
10-Jul-20,188.1,0,1500,80,1550,150
11-Jul-20,188.1,0,1500,82,1550,150
12-Jul-20,188.1,5.3,1500,82,1550,140
13-Jul-20,188.1,0,1500,80,1550,178
14-Jul-20,188.12,0,1500,90,1550,148
15-Jul-20,188.13,0,1500,90,1550,125
16-Jul-20,188.14,0,1500,90,1550,148
17-Jul-20,188.09,0,1500,90,1550,150
18-Jul-20,188.09,0,1500,82,1550,150
19-Jul-20,188.08,1.7,1500,82,1550,120
20-Jul-20,188.08,2.2,1500,80,1550,140
21-Jul-20,188.03,4.9,1500,80,1550,158
22-Jul-20,188.04,0,1500,80,1550,148
23-Jul-20,188.04,0,1500,80,1550,130
24-Jul-20,188.02,0,1500,80,1550,150
25-Jul-20,188.02,4.6,1500,82,1550,150
26-Jul-20,188.02,0,1500,82,1550,165
27-Jul-20,188.02,8.6,1500,80,1550,125
28-Jul-20,188.01,91.2,1500,80,1550,150
29-Jul-20,188,0,1500,80,1550,145
30-Jul-20,187.95,0,1500,80,1550,125
31-Jul-20,187.86,0,1500,80,1550,144
01-Aug-20,187.86,0,1500,121,1550,144
02-Aug-20,187.85,0,1500,121,1550,144
03-Aug-20,187.85,0,1500,121,1550,144
04-Aug-20,187.85,0,1500,120,1550,155
05-Aug-20,187.76,0,1500,121,1550,180
06-Aug-20,187.73,0,1500,121,1550,150
07-Aug-20,187.63,0,1500,121,1550,144
08-Aug-20,187.63,20.4,1500,121,1550,144
09-Aug-20,187.48,0.1,1500,121,1550,240
10-Aug-20,187.48,0,1500,120,1550,180
11-Aug-20,186.86,0,1500,120,1550,190
12-Aug-20,186.14,0,1500,120,1550,190
13-Aug-20,185.04,0,1500,120,1550,138
14-Aug-20,185.07,0,1500,120,1550,144
15-Aug-20,185.07,0,1500,121,1550,144
16-Aug-20,185.45,0,1500,121,1550,115
17-Aug-20,185.45,0,1500,120,1550,145
18-Aug-20,185.79,0,1500,120,1550,115
19-Aug-20,186.44,0,1500,120,1550,143
20-Aug-20,188.48,0,1500,120,1550,125
21-Aug-20,186.79,0,1500,120,1550,144
22-Aug-20,186.79,0,1500,121,1550,144
23-Aug-20,186.72,0,1500,121,1550,113
24-Aug-20,186.72,0,1500,110,1550,98
25-Aug-20,187.25,0,1500,120,1550,133
26-Aug-20,188.53,0,1500,120,1550,138
27-Aug-20,188.48,0,1500,120,1550,128
28-Aug-20,188.18,0,1500,120,1550,144
29-Aug-20,188.18,0,1500,121,1550,144
30-Aug-20,188.49,0,1500,121,1550,95
31-Aug-20,188.49,12.7,1500,140,1550,155
01-Sep-20,188.49,55.4,1500,166,1550,125
02-Sep-20,188.13,22.7,1500,140,1550,160
03-Sep-20,187.47,0,1500,140,1550,180
04-Sep-20,187.44,3.9,1500,166,1550,155
05-Sep-20,187.44,0,1500,166,1550,155
06-Sep-20,187.3,0,1500,140,1550,118
07-Sep-20,187.3,0,1500,150,1550,113
08-Sep-20,186.84,0,1500,150,1550,148
09-Sep-20,186.5,17.8,1500,150,1550,133
10-Sep-20,186.56,0,1500,150,1550,148
11-Sep-20,186.82,0,1500,150,1550,155
12-Sep-20,186.82,0,1500,166,1550,155
13-Sep-20,186.61,0,1500,166,1550,183
14-Sep-20,186.61,0,1500,160,1550,145
15-Sep-20,186.54,0,1500,160,1550,133
16-Sep-20,186.61,0,1500,160,1550,168
17-Sep-20,187.12,0,1500,180,1550,158
18-Sep-20,187.18,0,1500,200,1550,155
19-Sep-20,187.18,0,1500,166,1550,155
20-Sep-20,187.58,0,1500,166,1550,188
21-Sep-20,187.58,0,1500,200,1550,165
22-Sep-20,187.54,0,1500,200,1550,135
23-Sep-20,187.33,0,1500,200,1550,173
24-Sep-20,187.13,0,1500,200,1550,188
25-Sep-20,187.3,0,1500,166,1550,155
26-Sep-20,187.3,0,1500,166,1550,155
27-Sep-20,187.4,0,1500,166,1550,180
28-Sep-20,187.4,68.2,1500,166,1550,148
29-Sep-20,187.5,44.6,1500,166,1550,165
30-Sep-20,187.32,0,1500,166,1550,215
01-Oct-20,187.32,0,1500,166,1550,240
02-Oct-20,187.21,0,1500,136,1550,215
03-Oct-20,187.21,0,1500,136,1550,215
04-Oct-20,186.75,0,1500,136,1550,175
05-Oct-20,186.75,0,1500,136,1550,185
06-Oct-20,186.81,0,1500,128,1550,178
07-Oct-20,186.75,0.5,1500,118,1550,200
08-Oct-20,186.49,0,1500,160,1600,235
09-Oct-20,186.34,0,1500,210,1600,215
10-Oct-20,186.34,0,1500,178,1600,215
11-Oct-20,186.35,0,1500,136,1600,190
12-Oct-20,186.35,0,1500,136,1600,280
13-Oct-20,186.35,0,1500,158,1600,205
14-Oct-20,186.46,0,1500,143,1600,200
15-Oct-20,186.88,0,1500,103,1600,200
16-Oct-20,186.7,0,1500,108,1600,215
17-Oct-20,186.7,1.2,1500,93,1600,215
18-Oct-20,186.42,0,1500,136,1600,215
19-Oct-20,186.42,0.3,1500,136,1600,225
20-Oct-20,186.48,11.8,1500,128,1600,228
21-Oct-20,186.66,9.4,1500,115,1600,210
22-Oct-20,186.44,0,1500,110,1600,220
23-Oct-20,186.49,0,1500,123,1600,215
24-Oct-20,186.49,0,1500,133,1600,215
25-Oct-20,186.4,0,1500,136,1600,225
26-Oct-20,186.4,0,1500,136,1600,208
27-Oct-20,186.46,0.1,1500,138,1600,260
28-Oct-20,186.46,0,1500,158,1600,240
29-Oct-20,186.45,0,1500,143,1600,215
30-Oct-20,186.45,0,1500,138,1600,215
31-Oct-20,186.45,0,1500,136,1600,274
01-Nov-20,186.44,0,1500,136,1600,215
02-Nov-20,186.44,0.2,1500,149,1600,235
03-Nov-20,186.61,0,1500,148,1600,230
04-Nov-20,186.55,11.1,1500,128,1600,270
05-Nov-20,186.57,4,1500,163,1600,268
06-Nov-20,186.63,6.7,1500,145,1600,274
07-Nov-20,186.63,19.7,1500,143,1600,274
08-Nov-20,186.64,9,1500,149,1600,260
09-Nov-20,186.64,0,1500,149,1600,245
10-Nov-20,186.66,5.7,1500,108,1600,235
11-Nov-20,186.65,16.9,1500,135,1600,240
12-Nov-20,186.7,15.7,1500,125,1600,240
13-Nov-20,186.7,15.3,1500,125,1600,274
14-Nov-20,186.7,28.5,1500,173,1600,274
15-Nov-20,186.8,19.7,1500,149,1600,280
16-Nov-20,186.8,13.5,1500,149,1600,310
17-Nov-20,187.31,3.9,1500,178,1600,330
18-Nov-20,187.32,0.4,1500,153,1600,310
19-Nov-20,186.83,0.7,1500,153,1600,283
20-Nov-20,187.11,0.4,1500,145,1600,275
21-Nov-20,187.11,2.6,1500,158,1600,274
22-Nov-20,187.53,1.4,1500,149,1600,280
23-Nov-20,187.53,37,1500,149,1600,285
24-Nov-20,187.39,25.7,1500,178,1600,320
25-Nov-20,187.76,57.2,1500,170,1600,305
26-Nov-20,187.78,28.6,1500,150,1600,315
27-Nov-20,187.24,0,1500,163,1600,274
28-Nov-20,187.24,0,1500,140,1600,274
29-Nov-20,187.55,1,1500,149,1600,305
30-Nov-20,187.55,14.8,1500,149,1600,274
01-Dec-20,187.88,19.1,1500,138,1600,305
02-Dec-20,187.99,245.1,1500,149,1600,335
03-Dec-20,188.66,9,1500,150,1600,288
04-Dec-20,188.3,153.2,1500,158,1600,368
05-Dec-20,188.3,8.1,1500,153,1600,392
06-Dec-20,188.19,193.9,1500,168,1600,392
07-Dec-20,188.19,0.1,1500,157,1600,345
08-Dec-20,188.52,3.1,1500,157,1600,378
09-Dec-20,188.54,0.1,1500,165,1600,398
10-Dec-20,188.06,0,1500,178,1600,398
11-Dec-20,188.14,0,1500,158,1600,395
12-Dec-20,188.14,2.3,1500,208,1600,392
13-Dec-20,188.97,0,1500,258,1600,392
14-Dec-20,188.97,0,1500,157,1600,365
15-Dec-20,189.52,78.8,1500,157,1600,368
16-Dec-20,189.83,12.1,1500,173,1600,458
17-Dec-20,190.53,14.3,1500,193,1600,385
18-Dec-20,190.13,66.4,1500,165,1600,428
19-Dec-20,190.13,12.1,1500,178,1600,392
20-Dec-20,190.37,0.5,1500,188,1600,392
21-Dec-20,190.37,1.4,1500,157,1600,370
22-Dec-20,191.2,0,1500,157,1600,360
23-Dec-20,193.05,0,1500,195,1600,458
24-Dec-20,194.66,0,1500,130,1600,395
25-Dec-20,194.66,4.8,1500,113,1600,392
26-Dec-20,194.66,0.2,1500,108,1600,392
27-Dec-20,192.1,9.5,1500,157,1600,392
28-Dec-20,192.1,26.5,1500,157,1600,510
30-Dec-20,190.02,0.8,1500,157,1600,392
31-Dec-20,189.18,3.3,1500,98,1600,495
01-Jan-21,189.8,0,1600,98,1600,485
02-Jan-21,189.8,22.5,1600,89,1600,427
03-Jan-21,189.88,13.7,1600,89,1600,427
04-Jan-21,189.88,1.6,1600,83,1600,450
05-Jan-21,191.9,0,1600,98,1600,470
06-Jan-21,191.96,43.6,1600,63,1600,380
07-Jan-21,191.77,0.1,1600,108,1600,300
08-Jan-21,190.98,0,1600,73,1600,410
09-Jan-21,190.98,3.9,1600,89,1600,427
10-Jan-21,192.47,28.5,1600,89,1600,427
11-Jan-21,192.47,146.8,1600,98,1600,325
12-Jan-21,193.65,36.1,1600,98,1600,427
13-Jan-21,194.07,15,1600,105,1600,348
14-Jan-21,194.07,0,1600,89,1600,427
15-Jan-21,196.05,1.5,1600,100,1600,400
16-Jan-21,196.05,1.9,1600,89,1600,427
17-Jan-21,196.0262,0,1600,89,1600,427
18-Jan-21,196.0262,0,1600,58,1600,448
19-Jan-21,196.05,0,1600,88,1600,460
20-Jan-21,198.2647,1.2,1600,90,1600,478
21-Jan-21,197.68,0,1600,73,1600,470
22-Jan-21,199.1875,0,1600,73,1600,400
23-Jan-21,199.1875,0,1600,89,1600,427
24-Jan-21,199.65,0,1600,89,1600,427
25-Jan-21,199.65,0,1600,118,1600,465
26-Jan-21,198.8,0,1600,93,1600,440
27-Jan-21,198.2435,0,1600,93,1600,465
28-Jan-21,198.2435,0,1600,89,1600,427
29-Jan-21,194.4435,1.1,1600,83,1600,500
30-Jan-21,194.4435,0,1600,89,1600,427
31-Jan-21,193.17,0,1600,89,1600,427
01-Feb-21,193.17,14.5,1600,88,1600,508
02-Feb-21,195.5,0,1600,108,1600,277
03-Feb-21,197.62,0,1600,103,1600,277
04-Feb-21,196.03,0,1600,108,1600,277
05-Feb-21,196.03,0,1600,113,1600,277
06-Feb-21,196.5069,0,1600,108,1600,277
07-Feb-21,196.5069,0,1600,108,1600,277
08-Feb-21,196.5069,0,1600,78,1600,368
09-Feb-21,196.81,0,1600,103,1600,277
10-Feb-21,197.45,0,1600,103,1600,288
11-Feb-21,198.668,0,1600,103,1600,277
12-Feb-21,196.3655,0,1600,118,1600,277
13-Feb-21,196.3655,0,1600,108,1600,277
14-Feb-21,197.03,0,1600,108,1600,277
15-Feb-21,197.03,0,1600,143,1600,277
16-Feb-21,197.9775,0,1600,103,1600,277
17-Feb-21,198.9485,0,1600,103,1600,238
18-Feb-21,198.3847,0,1600,80,1600,218
19-Feb-21,198.58,0,1600,108,1600,218
20-Feb-21,198.58,0.8,1600,108,1600,277
21-Feb-21,197.53,0,1600,108,1600,277
22-Feb-21,197.53,0,1600,118,1600,208
23-Feb-21,195.93,0,1600,113,1600,277
24-Feb-21,196.4,0,1600,128,1600,238
25-Feb-21,196.62,0,1600,135,1600,208
26-Feb-21,196.62,0,1600,108,1600,277
27-Feb-21,196.62,0,1600,108,1600,277
28-Feb-21,197.05,0,1600,108,1600,277
01-Mar-21,197.05,0,1600,173,1600,174
02-Mar-21,197.32,0,1600,158,1600,175
03-Mar-21,198.32,0,1600,108,1600,165
04-Mar-21,198.27,0,1600,120,1600,145
05-Mar-21,198.34,0,1600,98,1700,130
06-Mar-21,198.34,0,1600,91,1700,174
07-Mar-21,198.576,0,1600,91,1700,174
08-Mar-21,198.576,0.1,1600,98,1700,175
09-Mar-21,198.682,0,1600,85,1700,174
10-Mar-21,198.662,0,1600,93,1700,178
11-Mar-21,198.874,0,1600,91,1700,174
12-Mar-21,198.874,0,1600,68,1700,145
13-Mar-21,198.874,0,1600,91,1700,174
14-Mar-21,198.964,0,1600,91,1700,174
15-Mar-21,198.964,0,1600,88,1700,180
16-Mar-21,200.06,0,1600,85,1700,218
17-Mar-21,201.75,0,1600,68,1700,180
18-Mar-21,201.5005,0,1600,63,1700,215
19-Mar-21,200.19,0,1600,88,1700,174
20-Mar-21,200.19,1.5,1600,91,1700,174
21-Mar-21,200.0401,0,1600,91,1700,174
22-Mar-21,200.0401,0,1600,70,1700,188
23-Mar-21,200.8635,0,1600,73,1700,135
24-Mar-21,201.1935,0,1600,84,1700,155
25-Mar-21,201.01,0,1600,68,1700,175
26-Mar-21,201.6,0,1700,65,1700,160
27-Mar-21,201.6,0,1700,91,1700,174
28-Mar-21,201.77,0,1700,91,1700,174
29-Mar-21,201.77,0,1700,78,1700,208
30-Mar-21,201.93,0,1700,88,1700,180
31-Mar-21,202.04,0,1700,74,1700,208
01-Apr-21,202.1,0,1700,78,1700,238
02-Apr-21,202.1,0,1700,83,1700,238
03-Apr-21,201.95,0,1700,83,1700,238
04-Apr-21,201.95,0,1700,83,1700,238
05-Apr-21,201.95,0,1700,88,1700,255
06-Apr-21,202.7,0,1700,83,1700,238
07-Apr-21,202.88,0,1700,82,1700,238
08-Apr-21,203.5,0,1700,70,1700,258
09-Apr-21,203.59,0.2,1700,93,1700,230
10-Apr-21,203.59,0,1700,83,1700,238
11-Apr-21,203.73,35,1700,83,1700,238
12-Apr-21,203.73,41.9,1700,88,1700,350
13-Apr-21,203.73,4.9,1700,83,1700,238
14-Apr-21,204.628,14.2,1700,83,1700,238
15-Apr-21,204.628,3.7,1700,80,1700,238
16-Apr-21,201.28,0,1700,113,1700,258
17-Apr-21,201.28,0,1700,83,1700,238
18-Apr-21,191.97,0,1700,83,1700,238
19-Apr-21,191.97,0,1700,83,1700,250
20-Apr-21,195.2145,0,1700,78,1700,210
21-Apr-21,200.9,0,1700,88,1700,208
22-Apr-21,199.3925,0,1700,68,1700,185
23-Apr-21,198.4895,0,1700,68,1700,170
24-Apr-21,198.4895,0,1700,83,1700,238
25-Apr-21,199.4185,0,1700,83,1700,238
26-Apr-21,199.4185,7.1,1700,83,1700,238
27-Apr-21,199.4185,1.9,1700,83,1700,238
28-Apr-21,199.52,0,1700,83,1700,238
29-Apr-21,199.87,0,1700,83,1700,238
30-Apr-21,199.87,1.5,1700,83,1700,238
01-May-21,199.87,0.1,1700,83,1700,238
02-May-21,199.89,0.1,1700,86,1700,235
03-May-21,199.89,35.7,1700,86,1700,235
04-May-21,199.93,1.7,1700,86,1700,235
05-May-21,199.941,0.1,1700,86,1700,235
06-May-21,201.8788,13.1,1700,86,1700,235
07-May-21,201.8988,5.8,1700,83,1700,255
08-May-21,201.8988,0,1700,88,1700,200
09-May-21,201.948,5.3,1700,86,1700,235
10-May-21,201.948,0.8,1700,86,1700,235
11-May-21,201.948,0,1700,58,1700,258
12-May-21,201.948,0,1700,73,1700,258
13-May-21,202.282,0,1700,88,1700,235
14-May-21,202.282,0,1700,88,1700,198
15-May-21,202.8977,0.5,1700,86,1700,235
16-May-21,202.8977,0,1700,86,1700,235
17-May-21,202.8977,0.2,1700,86,1700,235
18-May-21,202.8494,0,1700,83,1700,163
19-May-21,202.8796,0,1700,83,1700,275
20-May-21,202.8796,16.5,1700,93,1700,270
21-May-21,202.8796,15.5,1700,103,1700,288
22-May-21,202.8796,0,1700,103,1700,188
23-May-21,202.8896,0,1700,86,1700,235
24-May-21,202.8896,0,1700,86,1700,235
25-May-21,202.8896,0,1700,86,1700,235
26-May-21,202.8896,0,1700,86,1700,235
27-May-21,202.8896,0,1700,86,1700,235
28-May-21,202.8896,0,1700,86,1700,235
29-May-21,202.8896,0,1700,86,1700,235
30-May-21,202.8896,0,1700,86,1700,235
31-May-21,202.8896,0,1700,86,1700,235
01-Jun-21,202.8877,0,1700,86,1700,235
02-Jun-21,202.8896,0,1700,102,1700,343
03-Jun-21,202.8896,0,1700,102,1700,343
04-Jun-21,202.8896,32.2,1700,102,1700,343
05-Jun-21,202.8896,0.6,1700,102,1700,343
06-Jun-21,202.8896,0,1700,102,1700,343
07-Jun-21,202.8896,0,1700,102,1700,343
08-Jun-21,202.8877,0,1700,102,1700,343
09-Jun-21,202.8896,0,1700,102,1700,343
10-Jun-21,202.8896,0,1700,102,1850,343
11-Jun-21,202.8896,0,1700,102,1850,343
12-Jun-21,202.8896,17.6,1700,102,1850,343
13-Jun-21,202.8896,0,1700,102,1850,343
14-Jun-21,202.8896,0,1700,102,1850,343
15-Jun-21,202.8896,0,1700,102,1850,343
16-Jun-21,202.8896,0,1700,102,1850,343
17-Jun-21,202.8896,0,1700,102,1850,343
18-Jun-21,202.8896,0,1700,102,1850,343
19-Jun-21,202.8896,0,1700,102,1850,343
20-Jun-21,202.8896,0,1700,102,1850,343
21-Jun-21,202.8896,0,1700,102,1850,343
22-Jun-21,202.8896,0,1700,102,1850,343
23-Jun-21,202.8977,0,1700,98,1850,268
24-Jun-21,202.8977,0,1700,75,1850,268
25-Jun-21,202.8977,0,1700,102,1850,343
26-Jun-21,202.8977,0,1700,120,1850,258
27-Jun-21,202.8977,0,1700,102,1850,343
28-Jun-21,202.8977,0,1700,102,1850,343
29-Jun-21,202.8977,0,1700,102,1850,343
30-Jun-21,202.8977,0,1700,138,1850,308
01-Jul-21,202.8977,0,1700,80,1850,268
02-Jul-21,202.8977,0,1700,102,1850,300
03-Jul-21,202.8977,0,1700,85,1850,265
04-Jul-21,202.8977,1.3,1700,83,1850,245
05-Jul-21,202.8977,0,1700,93,1850,245
06-Jul-21,202.8977,0,1700,93,1850,278
07-Jul-21,202.8977,0,1700,93,1850,268
08-Jul-21,202.8977,0.3,1700,93,1850,268
09-Jul-21,202.8977,0.2,1700,98,1850,280
10-Jul-21,202.8977,0.2,1700,85,1850,288
11-Jul-21,202.8977,0,1700,98,1850,245
12-Jul-21,202.8977,0,1700,93,1850,245
13-Jul-21,202.8977,0,1700,93,1850,268
14-Jul-21,202.8977,12.7,1700,83,1850,245
15-Jul-21,202.8977,0,1700,85,1850,238
16-Jul-21,202.8977,0,1700,93,1850,235
17-Jul-21,202.8977,18.4,1700,88,1850,258
18-Jul-21,202.8977,23.9,1700,88,1850,245
19-Jul-21,202.8977,0,1700,93,1850,245
20-Jul-21,202.8977,0,1700,93,1850,258
21-Jul-21,202.8977,0,1700,78,1850,258
22-Jul-21,202.8977,0,1700,98,1850,245
23-Jul-21,202.8977,0,1700,93,1850,218
24-Jul-21,202.8977,0,1700,98,1850,245
25-Jul-21,202.8977,0,1700,93,1850,245
26-Jul-21,202.8977,0,1700,93,1850,245
27-Jul-21,202.8977,0,1700,93,1850,185
28-Jul-21,202.8977,0,1700,90,1850,188
29-Jul-21,202.8977,0,1700,103,1850,178
30-Jul-21,202.8977,0,1700,103,1850,185
31-Jul-21,202.8977,0,1700,103,1850,238
01-Aug-21,202.8977,0,1700,108,1850,245
02-Aug-21,202.8977,0,1700,93,1850,168
03-Aug-21,202.8977,0,1700,104,1850,158
04-Aug-21,202.8977,0.1,1700,108,1850,158
05-Aug-21,202.8977,0,1700,108,1850,158
06-Aug-21,202.8977,0,1700,103,1850,168
07-Aug-21,202.8977,0,1700,103,1850,175
08-Aug-21,202.8977,0,1700,93,1850,168
09-Aug-21,202.8977,0,1700,104,1850,168
10-Aug-21,202.8977,0,1700,104,1850,193
11-Aug-21,202.8977,2,1700,103,1850,168
12-Aug-21,202.8977,0,1700,88,1850,148
13-Aug-21,202.8977,1.4,1700,98,1850,160
14-Aug-21,202.8977,0,1700,104,1850,188
15-Aug-21,202.8977,0,1700,103,1850,168
16-Aug-21,202.8977,0,1700,104,1850,168
17-Aug-21,202.8977,0,1700,104,1850,180
18-Aug-21,202.8977,0,1700,108,1850,188
19-Aug-21,202.8977,0,1700,108,1850,178
20-Aug-21,202.8977,0,1700,108,1850,168
21-Aug-21,202.8977,0,1850,113,1850,138
22-Aug-21,202.8977,4.8,1850,118,1850,168
23-Aug-21,202.8977,0,1850,104,1850,168
24-Aug-21,202.8977,0,1850,104,1850,168
25-Aug-21,202.8977,0,1850,104,1850,168
26-Aug-21,202.8977,0,1850,104,1850,168
27-Aug-21,202.8977,0,1850,104,1850,168
28-Aug-21,202.8977,0,1850,104,1850,168
29-Aug-21,202.8977,0,1850,104,1850,168
30-Aug-21,202.8977,0,1850,104,1850,168
31-Aug-21,204.8977,0,1850,104,1850,168
01-Sep-21,203.8701,0,1850,104,1850,168
02-Sep-21,202.9992,11.1,1850,104,1850,188
03-Sep-21,202.9992,0,1850,104,1850,188
04-Sep-21,202.9992,0,1850,104,1850,188
05-Sep-21,202.9992,0,1850,104,1850,188
06-Sep-21,203,0,1850,104,1850,188
07-Sep-21,202.9992,0,1850,104,1850,188
08-Sep-21,202.9992,0,1850,104,1850,188
09-Sep-21,202.9992,0,1850,104,1850,188
10-Sep-21,202.9992,0,1850,104,1850,188
11-Sep-21,202.9992,0,1850,104,1850,188
12-Sep-21,202.9992,0,1850,104,1850,188
13-Sep-21,202.9992,0,1850,104,1850,188
14-Sep-21,202.9992,0,1850,104,1850,188
15-Sep-21,202.9992,0,1850,104,1850,188
16-Sep-21,202.9992,0,1850,104,1850,188
17-Sep-21,202.9992,0,1850,104,1850,188
18-Sep-21,202.9992,22.7,1850,104,1850,188
19-Sep-21,202.9992,1.3,1850,104,1850,188
20-Sep-21,202.9992,0,1850,104,1850,188
21-Sep-21,202.9992,0,1850,104,1850,188
22-Sep-21,202.9992,0,1850,104,1850,188
23-Sep-21,202.9992,0,1850,104,1850,188
24-Sep-21,202.9992,4.3,1850,104,1850,188
25-Sep-21,202.9992,0,1850,104,1850,188
26-Sep-21,202.9992,7.1,1850,104,1850,188
27-Sep-21,202.9992,0,1850,104,1850,188
28-Sep-21,202.9992,0,1850,104,1850,188
29-Sep-21,202.9992,0,1850,104,1850,188
30-Sep-21,202.9992,8.2,1850,104,1850,188
01-Oct-21,202.9992,2.2,1850,104,1850,188
02-Oct-21,202.9992,1,1850,104,1850,188
03-Oct-21,202.9992,23.4,1850,104,1850,198
04-Oct-21,202.9992,41.3,1850,148,1850,198
05-Oct-21,202.9992,36.5,1850,148,1850,198
06-Oct-21,202.9992,0,1850,148,1850,208
07-Oct-21,202.9992,0,1850,118,1850,200
08-Oct-21,202.9992,19.3,1850,138,1850,188
09-Oct-21,202.9992,1.5,1850,138,1850,200
10-Oct-21,202.9992,69.2,1850,143,1850,200
11-Oct-21,202.9992,28.8,1850,158,1850,198
12-Oct-21,202.9992,0,1850,148,1850,198
13-Oct-21,202.9992,0,1850,148,1850,220
14-Oct-21,202.9992,0,1850,130,1850,178
15-Oct-21,202.9992,0,1850,88,1850,208
16-Oct-21,202.9992,0,1850,153,1850,200
17-Oct-21,202.9992,0,1850,158,1850,210
18-Oct-21,202.9992,0,1850,123,1850,198
19-Oct-21,202.9992,0,1850,148,1850,198
20-Oct-21,202.9992,0.1,1850,148,1850,220
21-Oct-21,202.9992,4.6,1850,168,1850,198
22-Oct-21,202.9992,0,1850,148,1850,198
23-Oct-21,202.9992,0,1850,148,1850,200
24-Oct-21,202.9992,6,1850,168,1850,198
25-Oct-21,202.9992,0.4,1850,148,1850,198
26-Oct-21,202.9992,7.2,1850,148,1850,198
27-Oct-21,202.9992,27.6,1850,148,1850,198
28-Oct-21,202.9992,26.3,1850,148,1850,188
29-Oct-21,202.9992,16.8,1850,175,1850,150
30-Oct-21,202.9992,69.4,1850,193,1850,185
31-Oct-21,202.9992,9.1,1850,165,1850,208
01-Nov-21,202.9992,6.9,1850,158,1850,198
02-Nov-21,202.9992,3.8,1850,148,1850,198
03-Nov-21,202.9992,22.9,1850,148,1850,218
04-Nov-21,202.9992,0,1850,160,1850,198
05-Nov-21,202.9992,6.9,1850,148,1850,188
06-Nov-21,202.9992,33.5,1850,160,1850,198
07-Nov-21,202.9992,10.3,1850,156,1850,218
08-Nov-21,202.9992,243,1850,158,1850,198
09-Nov-21,202.9992,72.3,1850,156,1850,198
10-Nov-21,202.9992,0,1850,156,1850,188
11-Nov-21,202.9992,45.1,1850,178,1850,178
12-Nov-21,202.9992,0.3,1850,153,1850,190
13-Nov-21,202.9992,0,1850,148,1850,218
14-Nov-21,202.9992,0.1,1850,145,1850,225
15-Nov-21,202.9992,2.3,1850,165,1850,198
16-Nov-21,202.9992,18.2,1850,156,1850,198
17-Nov-21,202.9992,104.2,1850,156,1850,208
18-Nov-21,202.9992,1.7,1850,138,1850,170
19-Nov-21,202.9992,0,1850,138,1850,215
20-Nov-21,202.9992,0,1850,160,1850,198
21-Nov-21,202.9992,0,1850,156,1850,235
22-Nov-21,202.9992,0.4,1850,173,1850,198
23-Nov-21,202.9992,13.9,1850,156,1850,198
24-Nov-21,202.9992,39.6,1850,156,1850,198
25-Nov-21,202.9992,39.7,1850,168,1850,160
26-Nov-21,202.9992,16.4,1850,168,1850,178
27-Nov-21,202.9992,29.8,1850,135,1850,205
28-Nov-21,202.9992,11.8,1850,158,1850,198
29-Nov-21,202.9992,20.9,1850,138,1850,198
30-Nov-21,202.9992,8.4,1850,156,1850,198
01-Dec-21,202.9992,14.1,1850,156,1850,190
02-Dec-21,202.9992,0,1850,168,1850,178
03-Dec-21,202.9992,0,1850,158,1850,198
04-Dec-21,202.9992,9.9,1850,168,1850,238
05-Dec-21,202.9992,9.5,1850,173,1850,264
06-Dec-21,202.9992,13.6,1850,145,1850,264
07-Dec-21,202.9992,0,1850,191,1850,264
08-Dec-21,202.9992,0.8,1850,191,1850,264
09-Dec-21,202.9992,0,1850,158,1850,218
10-Dec-21,202.9992,0,1850,168,1850,195
11-Dec-21,202.9992,0,1850,143,1850,264
12-Dec-21,202.9992,18,1850,148,1850,198
13-Dec-21,202.9992,0.2,1850,173,1850,228
14-Dec-21,202.9992,0.7,1850,191,1850,218
15-Dec-21,202.9992,9,1850,191,1850,264
16-Dec-21,202.9992,30,1850,188,1850,264
17-Dec-21,202.9992,9.3,1850,158,1850,238
18-Dec-21,202.9992,0,1850,193,1850,264
19-Dec-21,202.9992,0,1850,235,1850,264
20-Dec-21,202.9992,0,1850,265,1850,264
21-Dec-21,202.9992,0,1850,191,1850,264
22-Dec-21,202.9992,0,1850,191,1850,264
23-Dec-21,202.9992,0,1850,175,1850,264
24-Dec-21,202.9992,0,1850,215,1850,268
25-Dec-21,202.9992,0,1850,235,1850,264
26-Dec-21,202.9992,0,1850,250,1850,264
27-Dec-21,202.9992,0,1850,238,1850,264
28-Dec-21,202.9992,0.8,1850,191,1850,264
29-Dec-21,202.9992,10.9,1850,191,1850,264
30-Dec-21,202.9992,42.9,1850,208,1850,348
31-Dec-21,202.9992,19.9,1850,183,1850,358
